school_type_enc,subject_category_enc,total_students,teacher_count,past_avg_score,past_pass_rate,submission_rate,marks_deadline_set,days_to_exam,years_of_history,predicted_avg_score
1,1,96,4,40.83,0.4226,0.7952,1,26,10,44.07
1,3,126,5,48.63,0.4472,0.8794,1,91,8,53.53
4,2,197,14,72.56,0.6343,0.8019,1,32,6,74.21
4,1,307,19,48.83,0.4856,0.5229,1,126,10,44.6
3,1,219,14,62.44,0.661,0.4954,0,353,10,60.89
1,3,350,24,79.75,0.8752,0.7785,1,360,3,85.16
3,1,186,10,61.55,0.5556,0.9382,1,171,1,66.31
4,1,160,11,65.19,0.624,0.681,1,80,8,68.66
4,1,103,5,55.59,0.5312,0.5099,0,249,10,44.53
1,3,83,3,46.82,0.4378,0.5791,1,11,8,34.56
3,3,79,3,61.82,0.6555,0.5995,1,201,4,60.11
1,3,190,10,47.86,0.5063,0.529,1,300,1,36.78
1,1,297,13,33.6,0.3411,0.5826,1,280,2,36.18
2,3,127,5,58.01,0.5566,0.5605,1,125,6,49.16
1,2,326,21,64.44,0.6618,0.3371,0,26,1,56.81
2,2,273,18,51.43,0.5113,0.5601,0,218,2,42.28
2,1,241,13,0.0,0.0,0.9921,1,60,0,66.66
1,2,80,5,38.46,0.3785,0.4009,0,246,3,36.02
4,3,75,5,95.1,1,0.5832,1,258,8,83.47
4,1,109,6,67.14,0.6152,0.7275,1,226,6,69.36
4,1,122,7,0.0,0.0,0.7711,1,170,0,59.9
2,1,285,21,57.18,0.6092,0.9708,1,301,2,65.14
2,3,239,11,43.05,0.4222,0.6021,1,170,9,41.54
3,2,186,7,80.37,0.7962,0.5957,0,269,1,71.26
3,1,150,8,71.63,0.6873,0.6513,1,344,2,67.18
3,3,78,3,63.79,0.6606,0.455,0,117,2,62.34
3,1,283,15,0.0,0.0,0.533,0,151,0,41.99
1,1,159,11,44.42,0.4389,0.5048,1,48,7,46.08
2,3,43,2,48.01,0.4131,0.9665,1,30,9,52.4
3,1,206,9,48.09,0.5259,0.9629,1,131,6,60.72
2,2,37,2,37.31,0.3796,0.6241,1,91,5,31.25
1,2,138,9,57.72,0.5411,0.9357,1,124,7,69.13
3,2,60,2,62.27,0.6351,0.6656,1,24,4,62.51
1,2,160,12,73.56,0.7051,0.6568,1,320,9,72.21
2,2,47,2,0.0,0.0,0.9033,1,361,0,56.65
2,2,245,18,46.63,0.4737,0.795,0,269,10,44.63
3,3,176,9,62.61,0.598,0.8387,1,99,3,60.98
1,2,171,11,40.48,0.3888,0.7556,1,96,9,42.25
1,2,196,14,34.1,0.3472,0.4095,0,22,3,38.39
1,2,237,10,61.53,0.599,0.6608,0,12,9,60.23
1,2,290,16,62.65,0.5715,0.7282,1,247,8,54.01
3,2,338,14,33.55,0.3226,0.7738,0,240,8,39.17
3,1,291,15,60.22,0.5532,0.4572,0,149,3,50.83
1,1,102,6,64.1,0.6102,0.7079,1,115,2,63.5
4,2,35,2,74.15,0.7008,0.4935,0,209,9,75.62
4,3,304,13,53.82,0.5228,0.8344,1,217,3,56.54
2,2,298,24,72.8,0.7265,0.542,1,229,6,78.98
1,2,219,13,55.12,0.5208,0.916,1,139,7,66.84
1,2,204,13,64.1,0.6701,0.8771,1,136,1,68.56
2,1,89,4,49.62,0.5086,0.5839,1,320,1,46.27
1,1,38,2,49.51,0.5047,0.6983,1,111,9,53.79
2,1,179,7,60.81,0.6029,0.593,0,348,9,47.55
3,1,240,10,52.16,0.4999,0.9458,1,245,1,54.06
3,3,300,13,50.89,0.4667,0.9154,1,54,7,58.49
3,2,337,16,70.95,0.6081,0.5909,1,118,5,63.15
3,3,166,8,74.14,0.7637,0.8791,1,363,8,75.34
4,3,33,2,64.84,0.6167,0.6652,0,198,3,61.46
4,3,306,18,72.98,0.6424,0.3658,0,284,7,68.18
2,1,326,13,58.94,0.5889,0.9163,1,161,8,58.55
1,3,298,21,0.0,0.0,0.7767,1,74,0,58.33
1,1,318,20,28.27,0.2439,0.7389,1,43,7,31.77
4,2,52,3,82.23,0.8941,0.4365,0,295,9,74.83
2,3,219,12,42.99,0.4115,0.5301,1,60,7,44.39
2,3,105,6,68.55,0.5955,0.5478,0,314,8,60.21
3,3,169,7,70.69,0.6477,0.7949,1,111,7,69.84
4,1,161,7,53.01,0.4585,0.7975,1,301,1,57.41
4,3,180,8,62.49,0.5437,0.5376,0,175,4,58.57
3,1,319,16,0.0,0.0,0.8361,1,147,0,84.64
1,1,167,11,30.92,0.2966,0.9845,1,250,9,35.73
1,1,193,11,50.07,0.5275,0.7274,1,171,7,60.2
3,2,288,12,0.0,0.0,0.7713,1,221,0,79.09
1,1,280,13,0.0,0.0,0.6021,0,157,0,24.48
4,3,347,17,70.38,0.7231,0.5068,1,218,3,74.53
1,2,85,4,60.67,0.5929,0.9174,1,251,2,67.37
2,2,331,17,45.49,0.4849,0.895,1,222,2,46.11
3,1,169,7,66.06,0.7044,0.7422,1,180,9,65.09
4,2,147,7,79.13,0.8419,0.6591,1,252,3,77.2
4,3,102,5,0.0,0.0,0.8309,0,179,0,64.26
4,1,294,12,0.0,0.0,0.705,1,345,0,53.63
3,2,344,16,68.28,0.6955,0.9771,1,330,10,72.3
4,3,348,16,75.06,0.8252,0.717,1,60,4,73.7
1,2,110,5,0.0,0.0,0.7379,0,160,0,28.45
2,3,235,12,66.89,0.7142,0.6204,1,308,2,65.48
2,1,155,7,44.79,0.4817,0.579,1,236,7,50.14
3,3,242,11,60.48,0.5722,0.6186,1,302,7,54.61
3,3,36,2,70.73,0.6712,0.7758,0,35,10,71.71
3,1,335,14,48.05,0.4898,0.8296,1,80,3,46.59
1,3,250,20,42.95,0.4437,0.4623,0,222,5,42.7
3,3,281,11,70.58,0.685,0.8733,1,183,2,78.2
1,2,140,6,55.15,0.6039,0.9023,1,197,10,60.46
3,3,88,4,71.5,0.6758,0.6857,1,355,10,67.08
2,2,312,19,77.32,0.7,0.7531,0,164,9,75.78
1,1,180,7,49.22,0.4351,0.8352,1,286,1,49.8
4,3,237,11,68.9,0.6917,0.6399,1,363,7,65.13
2,2,75,3,50.29,0.4725,0.5949,1,72,5,48.78
4,1,330,13,0.0,0.0,0.6218,1,74,0,50.98
2,1,325,21,51.29,0.4781,0.7953,0,11,3,52.93
2,3,153,6,84.6,0.7223,0.619,1,175,1,80.01
1,1,240,12,47.05,0.4559,0.7566,1,65,1,43.41
1,3,291,18,56.0,0.543,0.843,1,261,10,58.75
4,1,100,7,67.51,0.6792,0.8561,1,205,4,78.21
4,3,334,18,76.07,0.7928,0.6075,1,241,1,67.93
2,2,237,11,55.07,0.5268,0.6872,1,88,5,49.49
1,1,72,4,36.12,0.36,0.6648,1,72,5,29.82
4,2,241,10,0.0,0.0,0.8002,1,190,0,75.87
1,3,271,18,45.61,0.4276,0.5574,1,152,1,38.62
1,3,161,13,41.94,0.3922,0.7784,0,299,4,43.52
4,1,40,3,76.92,0.6952,0.6704,1,199,8,75.51
1,1,104,7,55.82,0.5363,0.8035,1,222,9,59.17
3,1,245,18,57.67,0.588,0.8336,1,33,10,65.39
1,1,129,8,76.56,0.7061,0.5736,0,230,3,67.13
2,1,281,14,45.4,0.4774,0.774,0,31,10,37.92
1,2,319,18,53.37,0.469,0.4786,0,326,6,44.71
4,3,79,5,73.67,0.7,0.7788,0,183,9,76.35
1,3,349,25,73.46,0.6889,0.8227,1,85,8,82.33
2,1,333,23,57.49,0.4995,0.814,1,247,10,60.76
4,3,314,15,53.94,0.5011,0.7345,1,333,9,64.54
3,2,62,3,55.9,0.4804,0.6435,1,340,7,59.45
4,2,322,16,0.0,0.0,0.9049,1,343,0,64.45
2,1,255,19,65.2,0.6595,0.6892,0,234,5,65.2
2,2,234,10,53.46,0.5343,0.8237,1,43,10,50.02
4,2,154,7,84.7,0.7517,0.665,0,189,10,76.85
3,3,329,15,59.61,0.5528,0.8958,1,75,1,60.62
1,3,241,12,0.0,0.0,0.5901,1,119,0,27.66
2,1,95,6,66.01,0.6883,0.9418,1,29,4,69.42
3,3,108,7,76.12,0.801,0.5407,0,220,9,67.5
4,3,170,7,81.02,0.8842,0.952,1,109,7,86.05
3,3,261,11,85.21,0.8314,0.581,1,112,6,83.29
3,1,271,11,62.87,0.6155,0.3461,0,92,8,46.28
3,2,248,18,67.35,0.7099,0.9652,1,222,3,79.78
2,2,66,3,0.0,0.0,0.5495,1,342,0,54.28
1,2,266,12,55.53,0.5574,0.5095,1,120,2,45.85
2,3,241,17,67.72,0.6159,0.4311,0,337,4,65.36
1,2,330,17,34.81,0.3084,0.8074,1,133,10,37.57
4,1,209,16,61.62,0.6076,0.7538,1,20,8,62.87
4,2,154,7,76.26,0.7879,0.8858,1,180,5,74.73
2,1,114,5,49.41,0.4773,0.8159,1,79,10,53.57
4,1,175,11,73.09,0.6779,0.9077,1,252,3,74.85
3,1,207,8,0.0,0.0,0.666,1,73,0,54.24
3,2,222,13,70.37,0.6854,0.9622,1,275,2,78.3
4,1,245,12,63.75,0.5546,0.6532,1,318,2,62.92
4,1,46,2,58.2,0.5842,0.8197,1,39,5,64.61
3,3,106,4,76.81,0.737,0.4298,0,340,2,61.06
3,2,334,23,61.29,0.6663,0.8815,1,303,7,67.18
3,3,167,10,76.28,0.7471,0.5589,1,143,1,72.87
4,1,276,18,70.81,0.7529,0.9493,1,237,2,83.65
3,3,202,9,56.57,0.6012,0.9637,1,336,8,62.92
2,2,127,5,50.98,0.5341,0.6047,0,198,3,35.35
2,3,69,5,71.54,0.7021,0.9117,1,47,6,74.2
2,2,289,17,45.17,0.4561,0.8314,0,231,8,41.63
1,3,103,6,48.14,0.4509,0.9475,1,50,2,59.51
3,1,89,4,48.23,0.4743,0.5843,1,307,9,49.42
3,3,46,2,0.0,0.0,0.8217,0,305,0,76.1
4,3,40,2,70.06,0.6484,0.744,0,217,10,70.23
3,2,250,14,68.43,0.6165,0.6563,1,173,7,66.46
4,1,214,11,48.41,0.4439,0.3532,0,158,1,43.83
4,3,106,4,62.23,0.6412,0.3876,0,273,9,41.95
4,1,71,2,64.49,0.6422,0.4547,0,315,8,56.33
4,2,245,17,54.2,0.5593,0.683,1,215,4,61.14
3,3,172,13,64.4,0.6802,0.8055,1,75,8,73.21
1,2,310,12,38.31,0.3447,0.75,1,33,2,36.81
4,3,258,18,82.15,0.7637,0.8083,1,163,8,89.22
3,3,313,19,0.0,0.0,0.8369,1,223,0,71.55
3,3,330,18,70.14,0.7335,0.7888,1,36,10,71.61
4,1,149,12,64.75,0.6182,0.6019,1,266,1,69.18
4,3,290,19,62.66,0.689,0.6884,1,98,5,62.94
3,3,160,8,73.5,0.6796,0.9911,1,157,3,75.84
2,3,203,10,51.47,0.4745,0.7716,1,212,4,57.41
2,2,46,2,31.22,0.2854,0.601,1,285,1,31.95
3,3,340,15,62.92,0.573,0.7655,1,336,3,63.92
3,3,266,19,77.16,0.835,0.9675,1,253,2,82.18
4,3,189,12,0.0,0.0,0.5447,1,303,0,84.5
2,3,44,2,46.95,0.4481,0.967,1,28,2,58.01
4,1,173,7,0.0,0.0,0.8014,1,181,0,62.26
4,1,283,15,87.76,0.9063,0.8593,1,17,3,86.11
3,2,114,5,48.65,0.5226,0.7576,1,54,10,47.88
2,2,190,7,0.0,0.0,0.6178,1,146,0,56.73
1,2,209,9,0.0,0.0,0.7327,1,91,0,42.43
3,3,85,4,70.18,0.7645,0.7275,1,320,4,72.42
3,2,300,13,48.94,0.5092,0.7979,1,51,3,49.09
3,1,313,23,61.11,0.6014,0.77,0,236,8,61.09
1,3,71,2,62.31,0.6556,0.7566,1,243,7,52.33
3,3,36,2,0.0,0.0,0.7892,1,33,0,59.15
1,1,266,21,53.88,0.5444,0.9819,1,201,6,64.15
4,2,217,16,72.75,0.7775,0.7732,0,70,10,80.52
2,3,139,6,0.0,0.0,0.7315,1,288,0,64.5
2,1,260,15,59.15,0.6159,0.6631,0,324,4,62.18
1,1,42,2,48.58,0.4983,0.7073,0,215,10,40.94
1,1,282,11,53.29,0.4955,0.8363,1,174,3,46.75
2,2,291,19,65.72,0.6038,0.7958,1,99,4,70.81
4,1,201,8,55.12,0.5644,0.6499,1,104,10,56.4
4,1,98,4,0.0,0.0,0.9839,1,295,0,69.66
2,2,65,2,59.66,0.5209,0.5952,1,147,5,48.74
1,1,121,5,54.24,0.526,0.6665,1,17,9,46.68
2,1,270,11,55.07,0.565,0.6197,1,174,9,51.94
3,2,158,9,48.08,0.4955,0.6601,1,114,7,52.55
3,2,138,6,0.0,0.0,0.9674,1,306,0,61.64
4,2,219,11,77.37,0.7542,0.8424,1,141,3,77.93
4,2,111,5,65.57,0.6374,0.7711,1,338,5,68.63
1,3,49,2,74.49,0.6588,0.534,1,87,6,71.86
3,1,341,16,66.83,0.5707,0.7057,1,18,9,59.37
3,3,245,10,68.42,0.5998,0.3819,0,108,2,56.19
3,2,228,17,57.01,0.584,0.914,1,51,6,65.95
1,1,268,21,0.0,0.0,0.5413,1,232,0,38.42
3,3,295,12,87.53,0.7903,0.9438,1,253,3,89.98
3,3,313,15,89.83,0.9795,0.8761,1,213,2,89.07
1,2,224,10,57.35,0.535,0.57,1,362,8,51.12
3,1,75,4,45.62,0.4966,0.8868,1,25,1,55.45
3,2,217,12,57.41,0.5721,0.8861,1,161,10,62.48
1,2,103,6,36.52,0.3433,0.8186,0,237,10,39.37
3,2,245,13,69.16,0.6764,0.3493,0,293,8,63.67
3,2,31,2,72.72,0.7199,0.6214,1,276,6,66.33
2,3,179,11,56.02,0.485,0.7106,1,257,2,56.95
2,3,345,18,49.9,0.4622,0.6661,1,327,9,50.0
4,2,329,23,64.84,0.6489,0.7395,1,100,5,75.61
3,3,349,18,63.0,0.5797,0.6825,1,298,9,58.66
2,3,306,24,63.99,0.6948,0.7387,0,364,7,72.99
4,3,280,20,78.25,0.805,0.537,1,316,4,82.39
4,3,239,12,68.52,0.7026,0.7969,1,53,5,69.67
3,1,338,26,61.8,0.6416,0.7152,1,15,10,62.3
1,2,310,15,61.29,0.5549,0.7315,1,357,9,53.77
3,1,272,20,56.63,0.5991,0.6742,1,185,6,57.16
4,1,74,4,57.78,0.5372,0.9051,1,68,7,64.72
1,3,109,4,47.1,0.4393,0.731,1,217,3,47.23
2,1,39,2,40.41,0.3889,0.5022,1,119,3,39.03
1,3,77,3,71.07,0.6853,0.9313,1,280,8,75.32
3,3,83,5,63.8,0.6408,0.853,1,162,7,70.05
2,2,85,5,52.87,0.5169,0.5689,1,206,1,54.17
4,1,113,5,56.61,0.5221,0.7631,0,327,7,57.63
1,2,94,6,59.15,0.5759,0.7078,1,237,6,56.98
4,1,137,8,67.19,0.6089,0.8904,1,299,4,70.9
1,3,83,5,35.74,0.3773,0.6954,0,289,8,30.93
2,2,151,9,0.0,0.0,0.6743,1,54,0,74.04
4,1,326,15,62.22,0.6273,0.3766,0,115,9,56.67
3,3,168,8,49.51,0.4567,0.929,1,357,2,59.45
1,1,55,2,61.41,0.5414,0.6248,1,174,10,60.63
4,2,97,4,55.89,0.4857,0.8844,1,216,4,56.46
3,3,274,16,0.0,0.0,0.9236,1,57,0,77.57
4,3,57,2,64.48,0.5832,0.6059,1,147,6,59.91
2,3,273,12,65.15,0.6558,0.5081,1,90,10,58.14
4,2,128,5,88.18,0.9441,0.9372,1,150,2,93.03
1,2,109,8,53.0,0.4815,0.8518,1,10,10,64.06
2,2,290,13,0.0,0.0,0.489,0,71,0,61.87
4,3,221,16,75.28,0.6593,0.6496,1,205,1,76.95
2,3,98,7,49.35,0.4738,0.814,1,87,9,50.7
4,3,69,2,57.32,0.5951,0.692,1,229,2,56.5
3,3,68,4,65.7,0.6864,0.9239,1,347,9,70.44
3,1,225,14,0.0,0.0,0.8969,1,132,0,54.31
4,2,329,25,0.0,0.0,0.967,1,77,0,87.16
4,3,113,5,67.04,0.5727,0.4442,0,30,1,64.28
4,3,171,8,64.36,0.6118,0.7688,1,88,8,60.19
3,1,129,5,61.87,0.6089,0.8171,1,342,2,58.73
4,3,147,11,71.79,0.7201,0.6663,0,346,1,70.81
2,1,30,2,56.42,0.5533,0.8604,1,95,5,56.86
3,3,85,3,0.0,0.0,0.7147,1,278,0,79.44
1,2,258,13,0.0,0.0,0.7834,1,198,0,60.79
1,1,285,23,0.0,0.0,0.5595,0,206,0,61.86
1,3,239,16,41.84,0.384,0.505,0,267,3,44.07
1,1,48,2,53.12,0.568,0.8868,1,169,1,49.9
1,2,127,8,61.88,0.5829,0.9989,1,110,4,66.22
2,1,144,7,61.06,0.6472,0.9755,1,10,10,64.68
3,1,130,6,40.69,0.4448,0.4539,0,32,3,41.57
2,3,259,10,46.08,0.4586,0.8186,1,211,1,47.41
4,3,91,6,82.99,0.7869,0.6631,1,241,4,74.31
3,1,324,24,66.56,0.5932,0.7033,1,284,1,64.98
4,2,262,16,87.25,0.808,0.8017,1,120,1,89.86
3,1,207,12,0.0,0.0,0.6301,1,99,0,65.44
1,2,306,20,53.36,0.4672,0.5607,1,41,7,58.59
2,1,230,13,29.03,0.2893,0.5375,1,43,10,23.96
2,3,194,14,54.19,0.4675,0.7166,1,212,7,53.1
4,1,206,13,64.32,0.5706,0.8085,1,341,2,71.85
3,2,56,4,59.28,0.5242,0.7866,0,279,6,60.48
1,2,208,11,81.0,0.7536,0.513,1,315,7,82.29
2,1,54,2,58.93,0.5789,0.9998,1,91,7,68.36
3,3,53,2,61.57,0.5831,0.9958,1,98,3,65.66
2,1,208,8,0.0,0.0,0.6758,1,300,0,29.98
2,3,277,14,72.29,0.7031,0.4279,0,122,2,69.7
3,3,128,5,65.89,0.6991,0.511,1,310,5,53.05
2,1,62,3,53.7,0.5096,0.466,0,79,10,55.38
4,3,274,13,68.53,0.7349,0.6784,1,350,2,63.4
2,2,90,6,0.0,0.0,0.9743,1,210,0,62.98
1,1,338,22,18.77,0.1644,0.6656,1,49,9,22.81
2,3,70,3,78.51,0.755,0.6248,1,44,10,71.99
3,2,49,2,60.32,0.6589,0.7465,1,203,6,60.45
4,3,140,9,78.02,0.667,0.5524,1,185,1,75.23
2,2,72,4,59.69,0.6406,0.7157,1,344,9,63.07
2,1,76,4,63.0,0.6813,0.8303,1,162,3,69.84
2,1,276,19,64.9,0.5523,0.7531,0,330,5,63.74
1,1,112,5,38.31,0.4008,0.9474,1,145,1,42.84
1,3,220,13,44.48,0.3831,0.6317,1,147,7,42.03
1,1,201,8,49.13,0.4856,0.9092,1,224,6,47.1
4,3,65,3,0.0,0.0,0.9502,1,302,0,78.97
2,1,110,4,59.24,0.5222,0.9941,1,232,3,64.92
2,3,157,9,80.49,0.7952,0.7598,1,16,1,81.0
4,1,326,16,62.95,0.6806,0.5505,1,156,1,63.03
4,2,221,10,57.96,0.5326,0.6348,0,365,9,53.58
4,1,146,11,59.52,0.6429,0.5101,1,165,7,53.23
1,1,93,5,64.93,0.6702,0.5446,1,236,7,58.19
2,2,216,9,46.65,0.4888,0.6903,0,216,8,51.11
1,1,123,5,62.84,0.6059,0.8523,1,150,3,60.34
3,2,88,4,52.84,0.4984,0.5888,1,252,3,46.43
2,2,71,4,60.71,0.6344,0.4217,0,125,6,51.45
2,2,29,2,44.43,0.4496,0.5042,1,139,2,38.03
3,2,217,9,52.28,0.5328,0.6986,1,62,7,53.67
1,3,216,11,80.1,0.8028,0.5541,1,42,9,74.51
3,2,158,7,69.93,0.7282,0.9027,1,317,10,74.65
4,3,38,2,72.81,0.6661,0.6941,1,28,4,60.65
2,2,138,6,42.87,0.4364,0.9227,1,346,10,37.09
2,2,157,7,61.61,0.6412,0.6738,0,181,8,55.76
2,3,182,10,47.79,0.4616,0.3295,0,334,5,44.29
1,2,220,11,56.0,0.4836,0.5687,1,112,6,48.31
4,1,186,8,83.8,0.8445,0.649,0,12,2,74.05
4,2,320,14,81.47,0.8524,0.5647,1,232,7,70.83
4,2,27,2,63.07,0.6768,0.7655,1,19,3,58.56
1,3,201,12,47.64,0.4506,0.5835,1,33,1,46.06
3,2,93,5,69.6,0.7566,0.7017,1,126,7,71.82
2,3,36,2,64.26,0.566,0.8961,1,202,2,70.17
1,3,49,2,47.0,0.4131,0.5618,1,139,10,40.53
4,3,347,28,84.67,0.8597,0.635,1,320,6,83.25
1,3,341,25,42.55,0.4265,0.9157,1,113,1,44.71
3,3,305,16,64.4,0.6582,0.6173,1,16,3,57.14
4,1,71,3,50.79,0.4642,0.8438,0,161,1,48.61
3,2,45,2,82.47,0.8662,0.8693,1,58,5,86.84
1,1,112,6,30.53,0.3155,0.6714,1,68,7,26.79
4,2,222,10,74.64,0.7837,0.8985,1,67,7,80.84
2,1,238,9,64.86,0.5807,0.6793,1,24,7,55.0
2,2,235,13,58.95,0.5396,0.8523,1,357,1,56.88
2,3,198,10,61.62,0.5621,0.8381,1,207,9,63.73
2,3,30,2,63.98,0.6247,0.7479,1,94,2,71.88
2,2,167,13,56.43,0.5949,0.5443,0,303,3,56.23
4,1,85,3,65.6,0.5605,0.5179,1,291,10,62.4
3,3,312,21,62.61,0.6614,0.9222,1,179,10,71.55
4,3,83,6,59.09,0.535,0.9149,1,159,10,65.5
1,1,109,5,47.29,0.4241,0.6964,1,244,6,46.33
2,3,48,2,56.68,0.5653,0.7253,1,347,10,48.46
4,1,296,13,69.24,0.6721,0.9606,1,100,8,65.83
2,3,332,16,57.64,0.5626,0.9898,1,364,5,63.62
3,2,256,11,51.68,0.536,0.8507,1,170,2,58.5
2,1,201,8,62.47,0.6842,0.9792,1,267,2,57.45
1,2,312,17,53.31,0.543,0.767,1,226,9,49.19
1,3,52,2,63.33,0.5806,0.9918,1,359,3,65.31
3,1,302,24,84.11,0.8705,0.8712,1,297,7,91.77
4,1,172,8,0.0,0.0,0.6938,1,360,0,50.37
3,3,128,6,82.81,0.8757,0.8523,1,341,7,80.26
2,3,124,7,69.4,0.7569,0.5597,1,30,2,65.07
4,2,324,14,0.0,0.0,0.8548,1,89,0,66.72
1,1,345,17,55.2,0.5107,0.7751,1,47,10,57.22
2,1,291,22,46.17,0.439,0.9417,1,349,8,56.27
3,2,341,18,63.91,0.6749,0.5044,1,352,8,56.99
2,1,189,11,52.16,0.4803,0.9111,1,201,1,61.69
4,2,123,7,87.72,0.9536,0.826,0,285,1,82.86
2,3,347,15,53.13,0.523,0.9881,1,232,10,58.7
1,3,194,15,50.06,0.4323,0.779,1,304,1,58.76
4,2,255,12,53.73,0.4726,0.6962,0,42,6,54.42
1,3,282,21,54.05,0.5001,0.7209,0,234,10,52.72
1,2,105,5,63.43,0.6738,0.817,1,162,2,58.27
3,1,88,7,47.81,0.4777,0.9735,1,166,9,59.12
3,1,236,9,75.38,0.757,0.5573,1,353,8,70.85
1,3,173,8,40.28,0.3523,0.7436,1,179,4,35.71
2,1,170,8,59.94,0.6018,0.7921,1,299,3,65.05
3,2,185,12,69.15,0.7109,0.6383,1,194,3,73.36
4,2,253,15,76.35,0.7722,0.4543,0,81,4,71.37
2,2,63,2,47.63,0.48,0.7895,1,312,8,49.27
3,3,301,16,66.87,0.6975,0.6455,1,247,2,68.33
1,2,147,6,49.52,0.5056,0.5702,1,91,9,47.83
2,3,272,11,0.0,0.0,0.5682,0,42,0,71.95
2,3,209,12,66.03,0.6683,0.8326,0,334,7,66.39
3,3,114,6,72.37,0.6812,0.9177,1,274,6,73.4
2,3,232,13,78.04,0.7812,0.5695,1,94,5,78.11
2,1,101,6,42.87,0.4289,0.8306,1,222,5,48.27
4,3,270,14,66.36,0.5677,0.6154,0,92,9,65.67
2,3,100,7,37.03,0.4001,0.7027,1,298,4,35.0
3,1,135,7,48.93,0.5175,0.8973,1,103,7,49.54
3,1,257,13,54.24,0.4922,0.5543,1,113,1,44.77
4,1,335,25,68.27,0.7301,0.8762,1,57,7,68.98
4,3,25,2,83.66,0.8469,0.6852,1,32,10,82.98
4,2,204,10,64.98,0.6298,0.7725,0,155,9,63.89
4,2,28,2,81.52,0.7988,0.6027,1,171,1,77.15
4,3,324,21,69.62,0.6397,0.8775,1,221,8,77.96
4,1,154,6,63.35,0.593,0.8679,1,347,9,64.08
2,1,134,7,57.89,0.5911,0.514,0,335,5,46.69
1,1,332,18,45.36,0.4154,0.8045,1,206,1,52.67
3,3,330,25,60.0,0.5402,0.902,1,156,2,65.55
2,1,143,7,47.59,0.4088,0.3002,0,90,10,41.82
4,2,227,13,64.88,0.5626,0.4565,0,296,3,61.83
3,2,335,13,70.66,0.7648,0.6306,1,218,7,62.65
3,2,84,3,71.1,0.7065,0.983,1,298,4,66.39
4,1,259,12,53.13,0.5661,0.6289,1,205,9,48.49
2,2,236,9,25.49,0.2334,0.6995,1,185,8,24.97
1,3,206,13,60.79,0.5576,0.8416,1,107,9,63.22
2,2,130,8,58.46,0.6108,0.3432,0,349,3,46.91
4,3,46,2,86.6,0.8705,0.9927,1,304,5,93.27
3,2,138,6,66.28,0.6426,0.7512,1,211,2,63.73
2,2,260,16,0.0,0.0,0.4159,0,307,0,63.67
1,2,120,6,43.74,0.4012,0.6715,1,104,3,36.24
3,2,230,14,52.5,0.5363,0.8604,1,130,2,57.72
4,2,101,5,0.0,0.0,0.5748,0,332,0,75.38
3,2,315,24,67.77,0.6931,0.7476,0,253,1,68.4
3,2,209,12,65.31,0.5583,0.7771,0,320,8,62.99
2,3,114,4,42.33,0.3974,0.7437,1,238,4,44.25
3,2,348,14,52.45,0.5011,0.7024,1,46,2,46.75
1,1,174,8,43.41,0.4389,0.7224,1,195,9,40.66
4,2,110,7,0.0,0.0,0.429,0,138,0,60.43
1,1,110,6,48.32,0.477,0.5184,0,52,1,41.11
1,2,224,13,45.24,0.468,0.5632,1,279,3,43.98
3,2,268,14,69.07,0.6104,0.7696,1,312,8,65.66
4,3,247,13,61.66,0.6064,0.7408,1,126,10,67.7
3,2,158,11,0.0,0.0,0.7485,0,79,0,55.49
1,3,276,11,59.49,0.6243,0.8984,1,290,7,67.99
3,1,227,14,54.22,0.5137,0.6315,1,226,10,49.23
3,2,297,13,58.54,0.5176,0.5504,0,241,6,53.16
3,3,34,2,60.87,0.5207,0.6411,1,74,8,59.6
2,1,102,8,33.54,0.3521,0.7318,1,26,3,40.52
3,1,53,3,61.22,0.5313,0.5961,1,138,6,66.42
1,3,152,8,33.8,0.3041,0.547,1,350,7,41.56
2,2,190,13,0.0,0.0,0.7748,1,72,0,46.0
3,2,51,2,58.85,0.6434,0.5388,0,17,3,53.42
1,2,149,12,0.0,0.0,0.8454,1,362,0,61.52
1,1,105,5,30.59,0.3363,0.5299,1,340,10,24.42
2,3,274,18,53.0,0.555,0.9028,1,234,8,58.72
4,2,93,6,0.0,0.0,0.7188,1,160,0,66.17
2,3,203,12,53.55,0.5776,0.5344,1,89,7,57.65
4,2,257,21,68.14,0.6654,0.9415,1,327,10,83.28
2,2,57,2,44.36,0.4528,0.5771,1,154,8,36.0
3,2,292,14,0.0,0.0,0.5649,1,26,0,56.59
2,1,317,15,46.85,0.4753,0.8507,1,141,6,50.71
1,1,131,6,40.32,0.3791,0.9452,1,198,1,47.83
1,3,61,2,53.12,0.577,0.5486,1,128,1,43.6
2,3,345,14,56.74,0.4973,0.679,1,244,8,50.45
4,1,230,12,70.0,0.6227,0.7215,1,190,10,72.22
3,2,236,10,60.93,0.5546,0.6875,1,291,6,55.08
3,2,228,18,0.0,0.0,0.7979,1,275,0,78.46
2,2,134,5,0.0,0.0,0.9717,1,151,0,86.62
2,1,95,6,60.85,0.5552,0.6502,1,302,9,54.22
1,3,191,8,55.54,0.5697,0.5477,1,338,2,55.88
3,1,65,2,52.17,0.4888,0.7083,1,71,5,52.88
1,3,348,20,42.01,0.4164,0.8489,1,88,4,46.44
1,3,253,11,45.79,0.447,0.4594,0,211,9,41.74
4,3,50,2,82.3,0.8588,0.3742,0,296,4,71.81
2,2,312,15,50.09,0.4566,0.7272,0,175,8,44.28
1,3,236,13,40.7,0.4127,0.5846,1,189,5,40.47
4,3,144,9,74.53,0.6626,0.5429,1,37,5,71.53
2,2,32,2,67.44,0.6292,0.6059,1,289,1,71.22
3,3,97,4,54.35,0.4644,0.8318,1,32,10,53.79
2,3,341,21,61.01,0.5779,0.926,1,347,7,66.32
3,1,222,14,77.97,0.7618,0.9519,1,258,6,86.48
2,1,281,11,43.15,0.3935,0.6668,1,211,8,39.22
2,1,345,21,49.71,0.4569,0.4417,0,208,8,47.03
1,3,168,11,45.23,0.3944,0.9803,1,323,5,46.69
2,2,184,7,59.21,0.5698,0.6589,0,307,5,46.95
2,2,293,12,65.21,0.5779,0.9586,1,172,6,61.67
1,3,119,7,33.51,0.3457,0.9401,1,221,2,42.38
3,1,121,9,72.68,0.7299,0.8062,1,315,2,72.88
2,1,269,19,43.17,0.4175,0.592,1,208,9,43.27
2,1,41,2,0.0,0.0,0.9751,1,123,0,55.05
2,1,115,4,26.31,0.245,0.6234,1,217,7,16.85
1,3,185,10,46.16,0.4608,0.9379,1,29,9,48.43
1,1,290,15,0.0,0.0,0.7581,1,332,0,46.34
4,2,180,8,63.83,0.6404,0.5843,0,82,4,61.18
4,3,82,5,63.39,0.6874,0.5677,1,221,9,60.08
4,3,128,5,73.44,0.7908,0.8592,1,73,1,79.15
1,1,68,3,34.02,0.351,0.806,1,91,6,34.71
2,2,314,13,63.95,0.6666,0.4694,0,238,2,56.7
3,3,128,10,84.28,0.7189,0.7493,1,12,4,80.21
2,3,268,14,56.92,0.5186,0.8099,1,295,7,58.25
2,1,203,16,0.0,0.0,0.919,1,162,0,61.1
3,1,116,8,69.89,0.7008,0.7975,1,297,4,74.88
3,1,72,3,65.0,0.5635,0.7752,1,159,5,68.28
4,1,193,10,82.14,0.7413,0.332,0,302,8,69.05
1,2,334,13,26.21,0.2398,0.8116,1,76,4,32.51
4,3,117,4,65.08,0.6685,0.5008,1,22,3,53.69
2,3,237,13,56.44,0.5097,0.845,1,140,5,66.58
1,2,28,2,51.77,0.4842,0.808,1,24,5,54.04
3,3,270,11,0.0,0.0,0.7407,1,331,0,54.07
3,2,236,9,0.0,0.0,0.6497,1,357,0,63.86
2,3,194,8,71.5,0.7581,0.6876,1,283,5,68.77
2,3,84,3,51.14,0.5249,0.5158,1,221,4,51.46
3,2,179,12,76.12,0.6541,0.3509,0,269,4,71.4
1,2,199,8,53.54,0.4966,0.8847,1,60,8,58.84
2,1,43,2,33.87,0.2916,0.9359,1,180,8,37.68
4,1,184,14,79.93,0.8071,0.4103,0,156,4,72.74
4,3,85,5,78.1,0.7854,0.6033,1,189,2,77.22
3,2,170,8,79.32,0.6884,0.6694,1,237,2,75.49
1,1,221,17,39.74,0.4264,0.8451,1,238,6,51.99
3,2,298,22,65.13,0.646,0.7413,0,249,7,68.36
4,2,143,5,78.01,0.8412,0.8498,1,350,2,72.29
3,2,268,19,63.37,0.6117,0.7224,0,319,7,60.8
4,3,79,4,71.95,0.6945,0.6193,1,134,10,68.96
2,2,327,18,52.51,0.5208,0.8471,1,98,6,52.99
4,1,328,16,53.79,0.4809,0.5348,1,65,5,50.78
4,2,71,4,59.69,0.6398,0.8181,1,10,2,61.33
4,3,174,10,58.21,0.6225,0.8972,1,357,9,64.76
3,2,70,3,50.37,0.5524,0.5638,1,160,9,57.45
1,1,311,13,57.02,0.4891,0.7951,1,330,5,57.33
3,3,304,20,64.19,0.6218,0.5115,0,194,2,59.98
2,1,30,2,0.0,0.0,0.7867,0,346,0,38.48
1,1,237,10,64.05,0.6171,0.91,1,206,9,61.25
3,1,320,17,70.76,0.7274,0.9633,1,305,3,66.4
4,3,213,15,88.76,0.9165,0.9297,1,153,7,94.2
4,3,70,4,90.29,0.9349,0.539,1,334,10,80.69
1,2,298,13,36.11,0.3587,0.6765,1,160,7,40.57
3,1,180,8,81.04,0.7416,0.7891,1,303,9,90.19
1,2,273,20,68.24,0.623,0.6376,1,141,8,68.82
1,3,327,15,59.11,0.5685,0.6306,1,130,10,48.92
1,2,68,2,54.48,0.5306,0.8852,1,131,9,52.05
4,3,201,15,66.17,0.6874,0.3922,0,214,4,58.56
2,2,224,12,52.38,0.4831,0.691,1,171,2,53.43
1,1,246,12,54.85,0.584,0.6335,1,60,10,53.5
4,3,148,6,82.31,0.8391,0.6566,1,15,9,73.8
1,1,78,3,50.05,0.4529,0.5965,1,22,5,43.74
2,3,87,4,61.59,0.5814,0.824,1,104,1,62.2
1,3,63,3,59.45,0.6196,0.8338,1,175,4,58.81
3,1,220,12,0.0,0.0,0.9064,1,101,0,74.52
2,3,226,15,66.92,0.641,0.5531,1,236,7,66.15
3,1,153,6,0.0,0.0,0.5744,1,337,0,58.54
1,1,193,8,37.27,0.3172,0.8855,1,254,9,34.17
1,3,140,11,64.62,0.7095,0.6514,1,38,7,67.51
1,2,66,2,20.4,0.2064,0.3216,0,206,4,7.14
4,1,347,16,65.96,0.6819,0.4062,0,313,7,57.0
2,2,182,9,48.67,0.5313,0.4866,0,182,7,39.56
1,1,292,16,46.15,0.4777,0.3396,0,82,10,31.91
4,3,341,27,88.89,0.7846,0.3275,0,167,10,83.45
2,3,57,2,59.14,0.5937,0.4115,0,182,1,49.51
4,2,304,22,83.15,0.8657,0.6678,1,71,3,81.42
2,3,214,11,74.24,0.6558,0.8161,1,202,7,80.37
2,1,28,2,52.46,0.5386,0.6419,1,365,1,56.54
2,1,98,4,32.02,0.2862,0.7981,1,265,8,34.16
1,3,239,19,52.47,0.4712,0.9884,1,326,3,59.76
2,2,345,16,70.7,0.6274,0.9557,1,264,4,73.97
2,1,211,13,48.33,0.4412,0.945,1,242,6,60.24
2,1,39,2,58.54,0.5627,0.7095,1,356,1,57.81
3,1,75,4,56.98,0.6083,0.6103,1,251,6,55.81
4,1,135,5,65.89,0.6354,0.4972,0,148,7,59.48
2,2,55,3,71.78,0.7629,0.5856,1,185,1,67.31
2,3,338,14,75.54,0.6584,0.7446,1,120,9,68.46
4,2,151,9,75.83,0.7544,0.7959,1,86,6,80.86
4,1,45,2,63.08,0.6117,0.9106,1,241,8,63.8
4,1,233,9,79.61,0.748,0.8494,0,18,2,72.94
4,3,323,26,70.12,0.7192,0.7794,0,330,7,75.65
4,3,61,3,55.07,0.5412,0.8764,1,323,5,55.02
1,3,196,9,0.0,0.0,0.955,1,196,0,51.8
3,2,341,27,65.26,0.5656,0.6024,1,181,5,69.43
2,3,322,13,70.02,0.727,0.6602,1,146,3,61.42
1,1,215,13,35.34,0.3419,0.9127,1,159,7,44.36
4,3,58,4,70.23,0.6123,0.5894,1,49,7,69.23
2,2,102,4,61.92,0.5908,0.9659,1,252,8,64.09
3,2,174,12,0.0,0.0,0.6162,1,276,0,55.75
3,2,192,10,50.74,0.5197,0.7226,1,165,10,45.27
3,1,158,10,61.06,0.5262,0.728,1,95,5,57.59
2,3,114,4,51.36,0.5386,0.3643,0,172,10,36.9
3,1,130,6,0.0,0.0,0.989,1,85,0,56.91
2,3,179,13,0.0,0.0,0.7497,1,84,0,77.39
2,1,304,12,41.39,0.4445,0.8771,1,303,5,41.36
2,3,198,9,43.88,0.4718,0.603,0,167,7,48.63
2,2,207,15,0.0,0.0,0.5976,1,279,0,60.0
3,1,36,2,73.81,0.8075,0.7452,1,318,7,69.39
1,3,243,14,50.24,0.4286,0.654,1,238,5,49.69
4,3,237,10,73.97,0.7948,0.7071,1,310,4,75.13
1,1,293,11,53.69,0.5816,0.6879,1,13,1,40.87
4,1,309,17,73.69,0.6606,0.7769,1,31,9,72.58
3,3,262,17,0.0,0.0,0.4651,0,337,0,62.93
4,1,238,16,47.66,0.4343,0.4525,0,44,10,43.65
4,3,248,10,62.73,0.6615,0.8665,1,18,10,56.66
3,1,261,11,54.51,0.512,0.4986,0,335,2,50.46
3,2,296,14,52.37,0.4691,0.7139,0,288,1,53.25
3,2,179,11,64.19,0.561,0.9117,1,16,5,73.38
4,2,199,8,76.76,0.6949,0.7934,0,324,2,75.06
1,2,92,3,46.32,0.434,0.5695,1,236,7,43.65
3,1,180,14,54.46,0.4823,0.3689,0,76,1,55.34
1,2,64,5,34.97,0.3635,0.3593,0,347,7,32.59
1,2,47,3,51.93,0.4575,0.7938,1,112,10,53.89
2,3,167,6,57.26,0.5371,0.8904,1,323,5,57.63
1,3,32,2,69.01,0.7167,0.6989,0,119,3,66.48
4,2,79,5,65.49,0.7174,0.7571,1,218,5,76.79
1,2,81,4,70.92,0.7016,0.4805,0,69,7,57.99
4,2,252,16,60.85,0.5615,0.5944,1,45,6,63.41
3,1,31,2,48.35,0.4741,0.5596,1,212,7,44.78
4,3,111,8,67.94,0.635,0.9953,1,72,3,76.9
4,2,322,16,81.92,0.8329,0.9938,1,271,10,83.81
3,1,153,8,58.08,0.5849,0.3548,0,37,3,51.66
1,1,220,11,37.9,0.3313,0.7134,0,262,5,38.04
4,1,283,18,68.37,0.7195,0.5088,1,26,5,69.73
1,2,255,15,47.44,0.4242,0.8897,1,94,6,52.32
4,2,274,12,83.51,0.8508,0.8427,1,302,9,77.56
2,3,53,3,56.23,0.5731,0.6422,1,41,7,54.68
1,3,203,9,74.41,0.6375,0.6706,1,59,9,60.72
4,2,53,2,80.17,0.6985,0.9345,1,68,3,84.62
3,1,260,12,67.95,0.6741,0.6333,1,250,6,56.27
4,3,224,13,61.8,0.6296,0.7514,1,351,1,61.42
3,1,248,16,50.87,0.5401,0.9202,1,284,10,58.67
3,3,230,10,73.33,0.778,0.4853,0,44,9,63.71
4,2,179,9,81.84,0.7842,0.6,1,215,4,75.08
2,1,346,16,59.49,0.6488,0.7336,1,336,2,59.1
4,3,127,7,69.89,0.6361,0.8828,1,232,2,68.36
1,3,129,5,66.67,0.6094,0.7029,1,68,4,57.85
2,1,183,10,69.43,0.7622,0.9528,1,113,8,74.43
3,2,306,21,0.0,0.0,0.7429,1,20,0,77.91
3,3,177,7,79.04,0.8469,0.9199,1,81,6,74.86
2,1,86,4,38.26,0.416,0.6259,1,56,9,36.24
3,2,324,15,72.5,0.6356,0.451,0,219,3,62.17
3,3,82,5,78.86,0.764,0.4528,0,84,6,68.32
3,1,335,26,70.61,0.7621,0.6265,1,206,10,71.03
3,3,87,4,73.48,0.7821,0.9549,1,211,3,84.66
3,1,145,9,57.84,0.6188,0.7031,1,27,2,52.97
3,1,266,12,58.21,0.5992,0.9101,1,92,5,64.01
3,2,333,15,55.12,0.4723,0.6529,0,332,8,47.53
4,3,346,21,80.6,0.7017,0.584,0,342,9,76.48
4,2,256,14,55.59,0.5874,0.5993,1,222,2,58.95
3,1,317,21,0.0,0.0,0.8236,1,330,0,59.85
2,1,111,8,56.76,0.5433,0.5445,1,198,9,58.47
1,3,294,16,66.98,0.6069,0.8203,0,146,7,62.71
3,3,130,6,62.66,0.6465,0.3992,0,84,4,62.77
2,3,255,10,56.46,0.492,0.9357,1,364,5,59.13
4,3,241,11,78.45,0.6811,0.5261,1,130,4,67.91
1,1,154,8,45.21,0.4262,0.7798,1,307,6,50.37
2,2,198,8,66.5,0.5802,0.7165,1,143,2,62.87
2,2,168,7,55.83,0.5601,0.6319,1,170,6,60.22
4,1,102,5,70.49,0.7114,0.5945,1,37,10,60.28
3,1,264,14,66.79,0.6861,0.7465,1,85,7,65.8
1,2,117,5,73.67,0.7777,0.8316,1,118,8,63.55
2,2,64,4,38.53,0.33,0.8403,1,211,7,37.84
3,3,190,13,69.57,0.6714,0.7399,1,331,1,77.35
1,2,47,2,42.29,0.4371,0.7846,1,118,7,48.52
1,3,61,3,56.78,0.5368,0.589,1,214,9,55.41
2,2,231,14,68.37,0.718,0.9608,1,360,10,75.8
2,2,287,19,38.67,0.4143,0.7815,1,226,7,48.62
3,3,120,6,76.73,0.8389,0.8238,1,89,6,78.12
4,3,173,9,61.54,0.6626,0.5743,1,75,1,58.93
2,3,243,15,0.0,0.0,0.9587,1,272,0,59.55
1,2,316,14,57.05,0.5567,0.6639,0,101,5,54.33
2,2,177,11,67.02,0.6965,0.9039,1,184,7,78.26
2,1,119,9,46.53,0.4459,0.5172,0,16,9,48.99
2,3,333,15,44.52,0.4473,0.6804,1,354,4,47.26
3,1,89,6,57.79,0.6314,0.6046,1,342,3,57.85
2,3,300,20,68.55,0.7145,0.532,0,69,4,61.66
4,2,266,21,70.7,0.7015,0.5255,1,14,7,69.96
1,3,237,10,54.26,0.5421,0.6454,1,259,9,49.73
4,1,56,2,64.46,0.5911,0.9446,1,69,6,66.47
4,3,248,20,76.44,0.7885,0.7191,1,269,4,82.82
3,3,264,19,84.22,0.8037,0.8263,1,194,4,86.07
4,1,69,3,57.95,0.5177,0.5707,0,222,2,57.1
2,1,310,24,0.0,0.0,0.6304,1,356,0,52.63
1,1,197,11,62.95,0.6116,0.8924,1,33,9,70.26
3,1,334,16,0.0,0.0,0.7189,1,244,0,63.88
1,1,77,3,0.0,0.0,0.5835,1,70,0,38.01
2,2,251,11,63.87,0.6598,0.6559,0,181,7,58.82
2,2,237,10,0.0,0.0,0.745,0,184,0,48.34
3,2,237,14,70.25,0.6902,0.569,1,229,10,73.87
4,2,289,12,76.86,0.8346,0.8851,1,274,5,83.17
3,2,109,6,64.2,0.6486,0.5289,1,333,6,55.45
3,2,308,13,59.0,0.6356,0.4539,0,280,5,47.12
4,2,130,5,69.14,0.7082,0.8908,1,217,9,64.62
2,2,224,10,69.42,0.6804,0.6069,1,271,2,60.5
2,1,39,2,44.17,0.4609,0.9935,1,66,8,48.96
1,2,88,6,55.15,0.5986,0.7862,1,12,10,45.64
2,2,178,11,60.24,0.5903,0.4803,0,308,9,52.11
2,2,242,10,51.61,0.4506,0.565,1,119,1,43.02
4,3,311,16,78.89,0.7961,0.8445,1,260,6,75.76
4,1,259,18,69.37,0.7393,0.417,0,252,8,65.37
3,1,333,14,65.72,0.5652,0.5043,0,201,1,59.22
3,2,97,4,50.97,0.4395,0.9445,1,120,6,55.48
1,1,305,18,0.0,0.0,0.7865,1,299,0,60.43
4,2,335,24,66.37,0.6388,0.9332,1,176,2,75.72
1,3,144,6,41.92,0.413,0.945,1,152,5,42.29
1,3,347,15,32.43,0.321,0.6403,0,305,4,28.34
1,3,282,11,33.03,0.3352,0.9812,1,150,1,37.13
4,1,298,14,54.81,0.5939,0.5903,1,22,6,50.67
3,2,75,3,67.28,0.5961,0.5448,1,167,4,65.64
1,3,191,13,0.0,0.0,0.5494,1,82,0,43.06
4,1,51,3,63.32,0.6574,0.5575,1,41,9,60.57
3,2,39,2,61.48,0.663,0.6047,0,310,3,56.56
2,2,315,18,52.92,0.5533,0.5972,0,96,1,44.4
2,3,309,17,0.0,0.0,0.9806,1,327,0,84.39
3,3,271,17,67.24,0.7127,0.6757,1,333,4,69.48
3,1,107,4,77.62,0.7953,0.8625,1,153,9,77.76
4,1,187,7,43.06,0.4344,0.8539,1,149,5,47.13
3,1,260,10,91.61,0.9267,0.5621,0,14,5,81.03
2,2,275,12,39.43,0.3431,0.8256,1,285,8,47.86
4,3,88,5,76.83,0.6871,0.8485,1,14,6,75.23
1,2,29,2,0.0,0.0,0.8403,1,193,0,51.54
2,1,138,9,50.03,0.5463,0.5711,0,320,7,50.94
4,1,167,8,71.17,0.7364,0.8015,1,99,7,73.08
1,3,157,6,56.07,0.6,0.6372,1,357,3,60.87
3,3,311,13,0.0,0.0,0.8205,1,342,0,78.48
4,2,165,12,70.82,0.7363,0.6123,1,152,8,74.25
4,3,124,7,71.47,0.7518,0.6128,1,363,9,68.66
2,1,109,6,51.15,0.4962,0.7963,1,330,1,52.67
3,2,199,8,70.83,0.6941,0.3401,0,317,5,53.0
4,3,88,6,0.0,0.0,0.6887,1,365,0,67.1
4,1,179,8,73.38,0.7264,0.6907,1,59,6,70.15
4,1,344,28,66.74,0.6447,0.8101,1,61,6,70.97
1,2,289,17,72.12,0.7417,0.9204,1,303,3,77.14
2,3,271,12,48.76,0.4371,0.3242,0,75,7,36.38
3,2,323,13,75.9,0.7102,0.504,1,310,2,70.99
2,1,311,13,61.62,0.5768,0.8203,1,113,6,58.28
4,3,264,13,69.44,0.6485,0.6643,1,63,5,62.0
4,1,139,6,49.11,0.4941,0.704,0,179,7,46.79
4,1,28,2,54.47,0.4824,0.8157,1,194,1,64.34
1,1,137,5,51.66,0.483,0.5893,1,21,2,45.32
1,1,95,5,50.71,0.4889,0.6862,1,97,1,52.56
4,3,91,4,76.8,0.7551,0.659,1,229,3,76.3
1,3,325,22,50.06,0.4564,0.64,1,74,8,52.57
4,1,339,26,54.53,0.5164,0.8756,1,201,8,61.13
3,3,216,11,65.83,0.6037,0.9606,1,308,7,66.97
1,1,145,8,49.69,0.4752,0.5786,1,201,4,45.6
1,2,252,13,49.71,0.4997,0.7338,1,219,3,49.95
3,2,116,6,66.11,0.6686,0.5412,1,266,4,55.34
3,1,75,5,62.28,0.56,0.6514,1,359,5,62.17
3,1,303,12,0.0,0.0,0.6409,1,187,0,36.32
4,2,31,2,67.71,0.743,0.9327,1,126,8,77.75
4,1,289,14,77.23,0.7456,0.6565,1,106,8,69.26
4,3,310,25,67.93,0.6755,0.8188,0,14,2,65.39
3,2,140,8,65.16,0.6663,0.7935,1,300,10,61.31
1,1,194,10,70.33,0.7585,0.6954,1,205,9,65.99
4,1,268,19,78.81,0.7299,0.6712,0,100,9,74.44
1,3,126,9,49.29,0.4539,0.6628,0,45,6,46.0
1,1,192,8,36.2,0.3194,0.8716,1,209,6,49.44
2,1,268,19,53.55,0.5809,0.7512,1,360,9,56.11
2,2,57,2,59.8,0.6444,0.7301,1,304,9,52.41
1,3,258,15,68.99,0.6539,0.9249,1,222,4,72.12
4,2,221,9,84.74,0.8683,0.787,0,90,2,81.27
3,3,59,2,53.16,0.5726,0.8809,1,72,3,55.33
1,3,191,11,51.77,0.4999,0.682,0,246,2,54.4
4,2,228,18,59.8,0.5255,0.6636,1,247,4,65.69
2,3,249,18,60.01,0.5128,0.4618,0,283,4,53.74
4,1,164,11,79.78,0.7136,0.9463,1,282,5,85.81
1,2,182,10,74.91,0.7804,0.6873,1,132,9,70.67
2,1,32,2,53.39,0.5446,0.8273,0,59,3,56.91
2,3,110,8,44.17,0.4375,0.4139,0,287,8,39.94
4,2,207,12,0.0,0.0,0.6581,1,209,0,74.76
2,2,167,8,65.82,0.5667,0.7055,1,316,5,50.93
2,2,73,3,53.59,0.5858,0.666,1,335,10,46.97
3,3,336,14,59.96,0.567,0.6162,1,310,7,55.87
1,3,88,5,50.62,0.4379,0.6483,1,87,6,44.45
4,1,331,13,58.8,0.6084,0.6391,1,339,7,56.74
4,3,172,7,72.57,0.6608,0.9533,1,350,3,71.77
2,3,220,11,52.4,0.5033,0.7784,0,45,2,53.72
2,1,89,6,41.61,0.3749,0.7131,1,249,9,45.58
3,1,115,5,55.2,0.5085,0.8178,1,149,4,59.84
3,2,218,15,51.62,0.4947,0.8246,0,256,7,59.56
1,2,178,9,46.88,0.4632,0.5092,0,166,2,37.02
4,1,195,14,70.73,0.6019,0.8652,1,201,7,82.06
4,2,216,12,79.92,0.8074,0.7044,1,29,4,83.57
2,1,248,10,44.99,0.4598,0.8255,1,227,5,47.53
2,1,210,10,31.13,0.2668,0.5739,1,319,10,21.69
3,1,333,17,63.94,0.6667,0.9584,1,213,10,67.72
1,3,109,4,65.15,0.6665,0.7666,1,205,4,61.17
1,1,350,18,37.51,0.3384,0.8495,1,13,5,35.75
2,2,238,12,59.67,0.5502,0.5882,1,105,10,55.73
2,3,81,4,52.57,0.4709,0.6297,1,219,3,51.0
4,3,350,24,73.71,0.6423,0.3353,0,25,4,63.31
1,1,56,3,0.0,0.0,0.8946,1,31,0,45.15
1,2,333,17,62.66,0.5854,0.6854,1,185,4,57.63
3,1,218,10,68.9,0.736,0.5015,1,215,5,63.49
2,1,333,24,29.73,0.3133,0.8092,1,347,8,40.45
4,3,189,15,69.7,0.7447,0.8679,1,357,5,71.49
4,3,338,15,64.96,0.7034,0.9286,1,61,5,75.66
4,2,291,12,56.2,0.4822,0.5435,1,354,8,63.56
4,1,253,10,62.57,0.5649,0.8299,1,55,7,60.96
1,2,192,8,52.58,0.4759,0.7382,1,353,4,52.73
4,1,195,8,68.41,0.6916,0.8587,1,205,9,64.31
4,1,69,5,68.04,0.7043,0.8723,1,69,5,70.89
3,2,320,14,68.79,0.7304,0.6598,1,196,4,65.2
2,3,79,4,45.65,0.4853,0.9081,1,161,8,53.66
4,1,332,21,63.24,0.5429,0.7512,1,362,10,57.72
1,2,269,13,66.75,0.65,0.6884,1,180,3,68.59
2,3,51,2,75.5,0.6982,0.9562,1,91,2,71.19
1,3,267,10,46.46,0.4403,0.6415,1,109,6,39.51
1,1,190,8,33.14,0.3591,0.8273,1,305,9,32.34
2,2,99,6,49.44,0.5111,0.6993,0,304,3,55.41
2,2,243,11,68.08,0.7444,0.3289,0,273,2,56.02
3,3,231,15,63.79,0.5806,0.844,1,98,1,65.32
1,2,220,14,40.7,0.3578,0.6528,0,270,10,39.98
2,1,270,17,19.07,0.2,0.5663,0,340,1,18.68
2,1,191,14,46.91,0.4011,0.7682,1,281,8,55.21
4,1,88,4,54.74,0.5974,0.5903,1,316,3,51.32
4,2,87,6,70.1,0.6945,0.5175,1,73,9,69.73
3,2,25,2,0.0,0.0,0.7597,1,160,0,74.31
4,1,292,12,51.59,0.5167,0.844,1,349,5,55.1
2,1,178,7,51.15,0.4624,0.5642,1,328,3,41.87
4,1,108,6,58.48,0.6352,0.9701,1,83,1,62.78
3,3,123,5,61.18,0.6126,0.5767,1,232,9,53.33
4,1,163,11,69.45,0.709,0.6647,1,55,1,68.4
3,1,140,8,56.31,0.5319,0.8091,0,99,1,67.62
3,3,295,17,66.0,0.7038,0.8037,1,34,9,74.18
4,1,201,8,86.34,0.8623,0.7384,1,75,10,80.8
3,1,89,6,47.57,0.4918,0.699,0,199,9,50.33
4,3,259,18,68.51,0.6296,0.9708,1,127,5,71.07
3,3,233,10,70.34,0.7095,0.432,0,57,1,66.0
3,3,277,12,0.0,0.0,0.712,1,270,0,69.63
4,3,297,14,73.63,0.7789,0.5337,0,283,6,66.31
3,1,295,14,0.0,0.0,0.9823,1,355,0,76.69
2,1,288,17,0.0,0.0,0.6895,1,201,0,70.63
1,2,301,13,55.07,0.5081,0.6324,1,11,1,51.48
2,2,288,12,0.0,0.0,0.9462,1,259,0,46.78
4,2,177,10,0.0,0.0,0.8612,1,215,0,72.6
4,1,68,3,58.28,0.4964,0.6251,1,250,2,63.38
4,2,118,6,72.72,0.6378,0.9197,1,92,4,77.53
1,2,126,9,68.64,0.7111,0.5802,1,111,4,67.07
4,3,275,14,75.33,0.7748,0.8822,1,214,10,70.41
4,1,81,3,0.0,0.0,0.4893,0,16,0,55.78
3,2,330,15,54.83,0.4773,0.8088,1,271,6,57.67
2,1,159,6,52.5,0.5337,0.7369,1,62,3,47.8
2,1,327,16,40.53,0.3484,0.9645,1,228,2,46.49
1,3,219,12,68.21,0.6992,0.6109,1,228,4,57.86
1,2,81,5,59.07,0.5385,0.5909,1,10,4,51.6
1,3,266,17,48.3,0.4228,0.8216,0,196,9,51.1
1,3,307,13,52.52,0.4938,0.7644,1,200,2,58.58
2,3,69,2,62.47,0.6293,0.5205,1,345,2,52.98
4,1,63,2,56.27,0.6175,0.6964,0,32,9,57.2
2,1,311,12,41.69,0.4011,0.9554,1,44,5,37.75
1,1,331,21,43.34,0.375,0.5951,1,213,2,52.22
4,3,63,4,62.32,0.5896,0.7004,1,149,8,63.98
2,3,29,2,51.25,0.5029,0.6102,1,147,8,56.2
1,1,174,13,53.27,0.5782,0.5665,1,36,2,48.49
2,3,84,6,43.34,0.4035,0.942,1,145,5,47.5
2,2,54,2,0.0,0.0,0.6096,1,153,0,55.96
2,2,323,24,66.63,0.7239,0.8131,1,319,6,66.14
2,2,162,11,53.41,0.4747,0.6995,0,198,10,46.86
2,2,119,5,62.81,0.5635,0.8647,1,341,2,62.76
2,2,336,23,67.48,0.7269,0.5501,1,279,2,66.07
2,3,76,4,0.0,0.0,0.3075,0,339,0,47.76
1,1,98,4,47.14,0.4022,0.9788,1,64,9,42.91
1,1,96,5,46.92,0.4349,0.6219,1,288,9,37.62
3,3,47,3,65.05,0.5696,0.7076,1,10,4,66.28
4,2,100,6,70.72,0.6691,0.9114,1,67,4,81.63
4,1,169,10,69.92,0.6526,0.9624,1,53,9,79.11
2,2,296,18,46.8,0.4759,0.9088,1,188,2,50.42
1,2,160,7,60.05,0.6289,0.989,1,345,1,67.01
4,3,269,11,64.06,0.5891,0.8471,0,103,1,63.9
4,2,236,11,71.57,0.668,0.827,1,135,10,67.15
4,3,299,13,84.94,0.8339,0.9056,1,122,6,86.72
1,1,33,2,42.87,0.4671,0.5298,1,188,7,34.61
2,2,260,18,81.2,0.7395,0.5279,1,80,8,73.21
1,3,38,2,44.33,0.418,0.8314,1,47,6,43.47
2,1,100,5,52.89,0.5595,0.8827,1,250,1,56.25
2,3,265,15,32.85,0.3157,0.5066,1,66,5,33.71
1,3,113,6,0.0,0.0,0.7118,1,242,0,64.15
3,3,141,8,61.43,0.5801,0.8716,1,215,2,66.64
1,1,311,15,35.17,0.3707,0.6566,1,338,1,27.83
1,2,242,16,59.7,0.6236,0.6198,1,93,1,59.71
1,1,183,12,46.1,0.4654,0.448,0,301,3,36.65
4,1,49,3,66.02,0.6078,0.5974,1,210,4,62.82
3,1,233,9,56.72,0.4965,0.5751,1,310,8,53.85
1,2,107,7,44.39,0.483,0.4186,0,358,7,38.39
2,3,289,11,82.02,0.8308,0.6707,1,77,9,71.79
4,1,223,14,60.91,0.6041,0.5487,1,17,9,57.12
2,2,69,3,27.96,0.2596,0.5807,1,153,7,22.44
1,1,260,16,48.75,0.4682,0.9699,1,301,7,50.5
4,1,234,10,64.24,0.5667,0.9224,1,170,10,61.52
4,2,46,2,86.05,0.882,0.5773,1,63,10,79.81
3,2,62,4,73.86,0.7513,0.7342,1,283,7,77.18
1,1,80,3,38.29,0.3569,0.9982,1,258,6,39.06
2,3,257,20,55.28,0.601,0.4174,0,300,2,57.27
4,1,210,9,67.69,0.5793,0.7115,1,139,7,67.83
2,1,66,4,58.94,0.6294,0.8348,1,142,7,61.29
4,2,177,12,77.55,0.763,0.9828,1,233,5,81.17
3,3,312,14,48.89,0.4398,0.7892,1,84,9,45.94
3,1,102,4,77.66,0.8139,0.6314,1,11,2,74.89
4,1,321,24,52.84,0.5476,0.683,0,95,3,54.01
2,1,320,13,47.38,0.509,0.9339,1,265,5,49.09
4,2,302,17,66.81,0.5869,0.5356,0,100,5,58.76
4,2,170,7,64.83,0.6516,0.9285,1,54,10,69.57
1,1,235,17,30.6,0.331,0.5443,0,307,9,32.85
4,1,139,6,52.54,0.5083,0.8322,0,247,8,54.47
4,3,28,2,60.74,0.5933,0.8293,1,167,3,72.41
4,3,148,12,62.24,0.652,0.7595,1,317,6,66.98
3,2,245,16,75.97,0.6823,0.9143,1,305,6,71.71
4,3,113,6,74.01,0.6475,0.7521,1,333,5,76.76
4,3,106,4,79.12,0.691,0.3063,0,313,3,72.05
1,3,220,17,71.34,0.7451,0.6589,0,123,2,68.37
3,1,218,9,53.03,0.4576,0.3791,0,21,10,39.63
1,1,260,10,37.33,0.4008,0.5718,0,195,1,30.96
2,2,236,18,75.06,0.6523,0.6876,1,170,10,72.87
2,1,177,14,39.38,0.4189,0.4885,0,187,2,34.63
4,3,292,13,71.12,0.6388,0.3127,0,272,1,60.54
3,1,136,10,55.67,0.604,0.7408,1,57,2,63.59
3,3,278,15,59.02,0.6378,0.5989,1,153,6,58.79
3,1,130,5,54.1,0.5405,0.6594,1,65,7,54.1
4,2,348,15,76.52,0.6824,0.5812,0,310,7,64.82
3,2,40,2,68.24,0.6219,0.5044,0,84,5,63.93
3,1,193,13,73.26,0.7684,0.7808,1,207,9,75.87
2,1,312,19,66.05,0.6722,0.8231,1,359,9,63.45
4,2,50,2,68.79,0.5928,0.5596,1,241,7,66.49
4,1,320,26,0.0,0.0,0.9281,1,12,0,80.59
4,1,298,12,0.0,0.0,0.5081,1,250,0,60.97
3,2,187,8,81.08,0.7893,0.4641,0,242,6,72.43
4,3,216,8,75.06,0.6435,0.3057,0,63,1,69.67
4,1,112,8,66.93,0.5697,0.5262,1,32,5,60.11
1,1,193,9,48.39,0.444,0.3758,0,245,6,41.58
2,3,236,11,68.16,0.6778,0.9882,1,174,10,73.47
4,1,67,4,79.94,0.8113,0.6029,1,49,3,79.68
2,1,135,7,56.99,0.5142,0.7638,1,170,6,58.71
3,3,283,21,63.17,0.5715,0.9875,1,327,2,65.35
2,1,167,9,46.04,0.466,0.7819,0,66,10,53.74
2,1,39,2,53.87,0.5189,0.9635,1,53,8,57.45
4,3,245,13,0.0,0.0,0.6849,1,35,0,71.29
4,1,175,12,50.51,0.4916,0.8406,1,340,2,55.25
2,1,43,2,53.22,0.4612,0.4246,0,327,3,43.09
4,1,137,6,54.97,0.4952,0.8529,1,157,4,57.56
1,1,343,18,64.38,0.6844,0.5851,1,358,4,59.25
4,1,31,2,65.39,0.5989,0.6736,0,14,6,66.44
3,2,151,8,0.0,0.0,0.7836,1,158,0,55.69
2,3,73,5,41.74,0.402,0.9949,1,141,5,48.08
4,1,205,12,66.99,0.7129,0.7979,1,67,5,62.17
3,3,100,4,54.22,0.5502,0.5738,0,135,3,43.29
4,2,130,5,69.07,0.6058,0.8134,1,288,3,65.26
4,3,203,8,88.97,0.8872,0.6381,1,107,6,84.74
3,3,87,4,61.5,0.5761,0.3046,0,360,7,51.87
2,2,173,8,45.57,0.4058,0.5323,1,160,10,44.16
3,3,88,6,71.89,0.761,0.3757,0,155,4,63.66
2,1,125,7,47.08,0.4344,0.8131,0,137,1,50.82
4,2,75,3,57.98,0.556,0.9022,1,81,4,59.25
2,2,179,11,68.82,0.6824,0.7729,1,202,4,70.27
1,1,294,16,17.36,0.1631,0.7333,1,220,5,21.1
4,1,240,18,65.82,0.6607,0.6213,1,272,2,64.04
3,1,226,16,77.44,0.8276,0.5272,1,38,10,71.86
3,3,173,8,80.01,0.853,0.6215,0,271,5,73.6
2,3,98,5,61.79,0.624,0.6455,0,13,7,60.13
4,3,25,2,68.36,0.6699,0.357,0,22,1,65.85
1,1,178,10,38.95,0.3843,0.8407,1,346,2,34.02
1,2,97,4,52.2,0.4751,0.8498,1,112,10,49.56
1,3,277,16,47.34,0.4151,0.7124,1,24,4,53.33
3,2,322,20,74.48,0.7542,0.7222,1,191,10,78.11
4,2,29,2,58.19,0.5253,0.7625,1,272,5,65.91
1,1,313,19,35.53,0.3267,0.6515,1,211,2,43.1
4,2,266,13,65.55,0.6843,0.5647,1,175,2,62.62
3,3,48,3,57.26,0.5199,0.7497,1,357,2,55.08
2,1,114,5,53.59,0.4641,0.5572,1,47,6,44.73
4,2,114,7,53.23,0.5027,0.7869,1,112,7,59.63
3,1,128,5,72.75,0.6534,0.8146,1,352,6,65.2
1,1,27,2,51.39,0.5098,0.6704,1,359,6,52.45
4,1,131,6,44.59,0.4794,0.9008,1,234,7,49.21
4,3,65,4,71.38,0.66,0.4268,0,317,8,64.05
3,2,224,10,66.59,0.6139,0.6207,1,275,1,60.99
3,2,81,4,52.98,0.5369,0.5318,0,112,4,45.85
2,1,305,13,71.64,0.7662,0.3401,0,298,5,55.72
1,2,331,15,74.79,0.8016,0.5647,1,31,1,73.83
2,3,204,11,66.85,0.6063,0.5132,1,110,4,54.7
4,3,271,21,70.57,0.7225,0.7134,1,80,6,75.48
3,2,124,7,0.0,0.0,0.3506,0,15,0,59.44
1,1,152,6,67.77,0.6239,0.8012,1,135,1,66.23
3,1,87,4,48.94,0.4466,0.7475,1,192,1,55.49
4,3,179,7,61.53,0.604,0.8489,1,267,8,67.83
1,1,343,18,42.89,0.3864,0.8368,0,128,1,40.05
1,2,97,7,60.59,0.5837,0.5744,0,27,3,54.63
3,2,68,5,56.74,0.5367,0.5104,0,237,9,57.4
2,3,245,12,57.67,0.5404,0.6348,0,182,10,58.85
3,3,343,19,68.56,0.7169,0.8762,1,65,6,62.98
3,3,262,14,60.65,0.6611,0.9963,1,131,9,63.15
2,1,165,12,55.65,0.5803,0.7855,1,29,3,53.46
3,3,336,27,57.72,0.5288,0.5545,0,235,4,57.52
1,2,309,20,0.0,0.0,0.5398,1,322,0,58.9
3,1,166,10,55.37,0.4883,0.5735,1,326,7,51.56
1,1,284,12,35.87,0.3253,0.996,1,141,9,44.84
1,3,301,14,55.76,0.5066,0.5788,0,67,9,51.13
3,3,215,9,60.38,0.6455,0.4796,0,194,10,57.65
3,2,175,8,68.59,0.6462,0.575,1,312,2,70.72
3,3,285,12,73.38,0.7306,0.575,1,342,5,65.64
1,1,314,16,73.56,0.7412,0.7695,1,72,9,78.15
1,3,266,12,37.49,0.397,0.622,1,134,8,36.83
3,1,84,3,48.86,0.5048,0.6809,1,190,7,43.09
3,3,272,13,66.57,0.7037,0.9629,1,135,7,67.64
4,3,158,7,67.23,0.6242,0.5316,0,85,5,56.57
2,1,257,21,37.33,0.3837,0.5505,1,27,1,43.85
4,1,92,4,42.87,0.4628,0.6772,1,215,8,46.04
3,1,197,8,48.29,0.5305,0.7063,0,191,5,44.56
4,2,248,15,55.93,0.5733,0.8619,1,311,7,69.78
1,1,28,2,29.74,0.2766,0.6974,0,153,5,28.14
1,1,313,16,46.47,0.4624,0.7133,1,175,8,39.6
2,1,132,7,55.6,0.4864,0.5593,1,150,4,52.81
4,2,157,6,73.73,0.7971,0.5705,1,115,1,62.99
2,1,331,13,44.11,0.4288,0.6848,1,154,8,42.11
4,3,257,16,69.37,0.7138,0.56,1,231,1,65.65
2,2,84,3,56.05,0.4868,0.4844,0,242,1,44.82
1,3,44,2,33.57,0.312,0.8306,1,330,8,43.98
1,1,95,4,46.58,0.4136,0.8668,1,154,3,46.13
2,1,289,12,46.64,0.3969,0.6068,0,116,3,41.42
3,3,219,10,60.98,0.6185,0.4651,0,128,3,51.7
3,3,225,11,52.91,0.5133,0.3618,0,157,8,39.78
2,3,242,17,70.13,0.6571,0.564,1,257,7,65.04
4,3,173,11,69.44,0.7447,0.5304,1,175,3,66.05
4,2,242,14,0.0,0.0,0.8641,1,183,0,79.1
4,2,138,7,59.86,0.5254,0.8054,1,76,2,63.33
1,3,195,8,63.1,0.5464,0.4158,0,284,8,54.12
4,3,142,9,79.79,0.7212,0.97,1,28,2,82.32
1,3,273,21,63.72,0.5897,0.7248,0,136,4,70.07
4,3,230,16,75.82,0.7401,0.8663,1,20,4,78.84
1,3,102,7,53.14,0.557,0.6331,0,169,9,55.63
1,2,165,9,38.25,0.3702,0.5465,1,218,1,40.37
3,2,284,18,0.0,0.0,0.8638,1,200,0,71.89
1,2,228,10,68.18,0.6426,0.8214,1,180,7,65.76
1,1,312,21,55.22,0.525,0.7617,1,300,7,58.23
2,1,184,8,48.01,0.4125,0.7994,1,12,2,48.72
4,3,280,17,77.4,0.7514,0.8698,1,51,10,84.74
1,2,31,2,42.11,0.3754,0.986,1,29,1,53.67
4,1,305,17,0.0,0.0,0.7177,1,160,0,58.34
3,3,190,9,47.23,0.4357,0.9014,1,200,5,50.38
3,2,94,6,48.54,0.4138,0.5752,1,44,7,45.91
2,1,73,3,56.76,0.5668,0.65,0,125,5,52.01
3,3,170,7,72.76,0.7248,0.8123,1,216,6,76.78
2,1,328,23,45.33,0.3969,0.7937,1,206,3,52.33
3,3,166,6,61.92,0.6298,0.584,1,128,9,60.99
2,1,109,5,0.0,0.0,0.948,1,36,0,57.78
4,3,266,16,82.14,0.7789,0.8531,1,191,8,83.1
3,3,334,14,67.46,0.7328,0.8557,1,233,2,63.89
3,3,86,4,61.58,0.6567,0.8854,1,187,6,62.86
4,1,122,7,47.23,0.5116,0.5979,1,194,2,48.09
3,2,73,3,64.05,0.5881,0.8208,1,213,4,64.59
1,3,54,2,0.0,0.0,0.9638,1,321,0,49.43
4,2,304,13,0.0,0.0,0.8065,1,88,0,80.59
2,1,86,6,71.5,0.7348,0.9289,1,152,10,78.22
1,2,187,7,54.78,0.5949,0.9703,1,216,2,52.33
4,3,281,20,69.12,0.602,0.6378,1,111,4,69.34
1,2,165,8,36.21,0.3708,0.7315,1,69,1,40.78
1,1,327,16,0.0,0.0,0.8944,1,121,0,44.56
3,2,151,9,80.69,0.8154,0.5955,1,77,10,75.81
3,1,167,12,59.48,0.5461,0.8386,0,142,5,70.1
4,2,211,12,78.21,0.767,0.8435,1,97,10,86.29
4,1,300,15,62.9,0.6599,0.6848,0,267,6,67.87
3,1,136,7,0.0,0.0,0.7585,1,333,0,54.67
2,2,215,11,69.26,0.6906,0.6857,0,332,10,59.84
2,2,268,16,74.64,0.7012,0.6007,0,21,10,68.56
4,3,247,11,64.69,0.6848,0.6866,1,182,7,58.35
1,1,284,21,48.07,0.4567,0.5817,0,163,6,37.39
2,3,195,8,0.0,0.0,0.6546,1,82,0,52.78
3,2,100,6,60.97,0.5641,0.4299,0,114,2,47.79
2,3,309,13,66.93,0.5856,0.697,1,118,5,63.35
4,3,149,6,70.19,0.6646,0.9676,1,214,1,72.52
4,3,226,11,48.59,0.4842,0.6347,0,130,5,48.65
3,2,337,17,64.5,0.6957,0.569,1,106,6,60.16
1,2,221,10,55.03,0.5607,0.6305,1,225,6,53.38
2,1,79,4,45.3,0.4243,0.8279,1,217,1,45.63
3,1,319,17,53.22,0.5801,0.8857,1,165,10,60.09
4,2,255,13,67.34,0.6923,0.9859,1,67,7,75.26
4,3,65,4,59.69,0.5459,0.8073,1,242,5,57.62
4,1,275,15,0.0,0.0,0.8432,1,139,0,65.74
4,2,37,2,56.82,0.5246,0.7234,1,162,2,57.25
3,3,43,2,58.49,0.511,0.8165,1,230,6,60.89
3,2,149,6,76.29,0.757,0.4796,0,29,8,73.85
1,2,287,11,69.89,0.6468,0.592,1,141,1,70.88
1,2,317,20,66.8,0.6706,0.8969,1,365,4,73.87
4,1,248,15,57.1,0.5717,0.8391,1,149,2,66.17
1,2,91,5,63.43,0.6341,0.6591,1,123,7,59.38
2,1,338,21,68.99,0.6959,0.6945,1,295,9,64.39
1,2,252,18,48.52,0.4379,0.8365,1,140,7,47.48
1,3,274,14,68.29,0.6709,0.8754,1,241,5,70.77
4,1,344,20,75.83,0.7233,0.8757,1,155,6,73.29
2,2,300,21,54.56,0.5178,0.3608,0,158,9,46.64
2,1,230,12,39.59,0.4109,0.7996,1,173,5,48.04
3,3,299,15,58.95,0.5694,0.7247,1,100,3,53.52
4,2,262,12,83.75,0.9018,0.8266,1,224,10,80.47
2,1,337,16,51.72,0.5618,0.625,1,301,1,48.69
4,3,332,14,80.43,0.7619,0.5965,1,92,10,69.46
2,1,266,10,53.2,0.5711,0.5536,0,135,3,49.33
4,1,281,13,57.75,0.6118,0.9544,1,135,9,58.32
1,3,41,2,69.55,0.741,0.5294,0,143,6,49.94
1,3,298,13,47.48,0.4606,0.6465,1,213,7,50.42
1,2,229,10,31.0,0.3245,0.7659,0,306,8,28.01
1,3,198,14,61.94,0.6497,0.3534,0,338,3,52.49
4,1,158,9,54.87,0.5017,0.5179,1,81,7,55.63
2,3,214,11,59.81,0.5542,0.7838,1,166,4,55.46
3,1,90,6,63.84,0.579,0.7916,1,85,4,63.82
1,2,289,16,46.03,0.4948,0.8219,1,310,9,48.3
3,2,273,13,53.45,0.5051,0.5324,1,125,8,51.72
3,1,86,4,65.08,0.6343,0.8193,1,16,5,67.12
2,3,128,7,0.0,0.0,0.5494,1,178,0,36.29
1,1,253,13,44.9,0.4021,0.9288,1,126,3,54.75
4,1,307,19,76.27,0.7881,0.9531,1,77,3,79.92
2,1,324,14,44.47,0.4649,0.817,1,110,7,48.39
4,1,76,3,59.38,0.5936,0.5048,1,230,3,53.21
4,3,124,6,65.16,0.554,0.8007,1,262,10,65.43
2,2,178,11,44.2,0.4032,0.7806,1,168,8,45.55
2,2,28,2,49.75,0.431,0.6523,1,236,8,52.85
3,3,124,5,52.39,0.4733,0.66,1,281,3,47.96
2,3,104,6,61.47,0.6534,0.5786,1,274,3,52.86
4,3,162,10,62.9,0.6088,0.6518,1,84,4,61.89
3,2,182,10,77.74,0.8434,0.5248,0,340,6,72.33
2,2,128,8,55.22,0.51,0.6609,1,205,4,53.8
2,1,341,18,64.86,0.6041,0.8606,1,250,4,67.96
1,3,274,17,38.98,0.3884,0.3309,0,185,9,26.79
3,1,266,19,64.06,0.6108,0.3827,0,163,1,65.61
2,3,318,16,66.1,0.6049,0.6457,1,21,10,66.41
3,2,253,11,78.38,0.7565,0.8388,1,142,3,81.75
3,3,86,4,65.89,0.6254,0.524,1,280,6,71.36
3,1,314,17,0.0,0.0,0.9365,1,177,0,74.81
3,3,59,2,62.88,0.5522,0.5824,0,54,9,55.36
4,3,62,2,66.61,0.7024,0.9447,1,87,6,68.08
3,2,295,13,66.24,0.6117,0.695,1,14,6,59.54
2,2,139,7,51.04,0.5018,0.6002,1,304,5,54.15
2,1,100,6,46.8,0.5083,0.37,0,188,2,39.59
1,2,131,8,58.7,0.5612,0.9682,1,121,2,68.53
4,1,217,17,59.35,0.5637,0.5093,0,73,3,61.46
1,1,289,21,30.54,0.2688,0.8024,1,172,3,33.09
1,3,209,11,59.99,0.511,0.7002,1,61,8,59.73
3,2,247,10,76.88,0.7113,0.5422,1,339,10,75.62
1,2,190,15,29.79,0.2919,0.5584,0,29,3,28.62
1,3,175,10,49.51,0.5227,0.5873,1,275,6,57.41
2,2,81,3,0.0,0.0,0.653,1,330,0,44.24
3,1,38,2,81.43,0.8782,0.5074,0,316,7,72.76
2,1,139,10,60.91,0.5349,0.9917,1,284,1,61.58
1,2,268,14,62.85,0.5917,0.8582,1,254,4,66.92
4,3,89,5,70.89,0.7453,0.6626,0,58,2,70.27
1,1,140,9,33.9,0.3274,0.7585,1,146,10,42.56
2,2,321,14,0.0,0.0,0.8999,1,333,0,48.24
1,1,349,28,46.71,0.4159,0.786,1,257,3,53.59
4,2,134,7,63.98,0.5885,0.9619,1,182,4,69.2
2,2,306,17,53.99,0.5491,0.7595,1,42,1,51.55
1,3,89,6,42.06,0.4325,0.4912,0,241,7,36.04
4,3,283,19,74.78,0.672,0.6109,1,18,8,75.87
2,3,296,15,70.69,0.7683,0.6872,1,61,8,72.26
2,3,102,5,43.96,0.4203,0.3269,0,215,9,34.13
4,2,264,16,88.63,0.8765,0.9615,1,323,4,92.98
1,1,271,11,42.44,0.4023,0.5305,0,312,3,38.91
1,1,166,12,70.05,0.7608,0.5439,0,354,6,69.42
3,2,184,9,69.36,0.6933,0.541,0,73,10,58.59
2,1,199,8,0.0,0.0,0.9456,1,67,0,47.25
2,3,274,12,48.63,0.5023,0.9325,1,133,3,52.07
4,3,78,3,78.14,0.8287,0.9524,1,337,4,77.59
3,2,67,5,64.84,0.6469,0.552,1,259,7,68.7
4,3,220,17,54.36,0.5423,0.977,1,304,1,71.38
2,2,322,15,65.66,0.6802,0.8941,1,245,9,71.81
1,2,246,11,0.0,0.0,0.3994,0,332,0,42.27
3,1,39,2,62.7,0.5892,0.6762,1,137,4,58.14
3,2,350,22,81.66,0.8058,0.7007,1,188,2,87.51
2,2,340,17,57.84,0.5374,0.9571,1,56,3,61.34
4,3,120,5,66.49,0.6234,0.9479,1,91,3,74.84
2,2,183,7,62.52,0.619,0.7691,1,213,10,60.08
1,1,331,13,38.86,0.3999,0.6984,1,207,10,39.32
1,3,175,8,51.31,0.4776,0.7544,0,135,1,48.59
3,1,278,18,56.4,0.5708,0.3068,0,134,3,50.68
1,3,309,16,41.02,0.3684,0.5852,0,214,9,31.23
4,3,158,7,62.47,0.5888,0.9685,1,173,5,62.87
3,1,151,6,63.66,0.5616,0.8921,1,269,9,64.34
1,3,141,6,48.26,0.4372,0.9183,1,245,10,45.57
4,2,112,9,66.8,0.6611,0.4912,0,85,7,67.97
3,3,154,6,0.0,0.0,0.7454,1,78,0,70.56
4,2,300,14,66.42,0.71,0.5721,1,286,4,67.95
3,1,208,10,62.43,0.6264,0.8652,1,109,1,64.52
2,1,40,2,63.42,0.554,0.8505,1,360,7,62.85
4,2,200,13,67.85,0.637,0.9395,1,265,4,74.62
2,1,204,8,59.8,0.5224,0.9397,1,41,10,61.33
1,3,295,24,49.59,0.4692,0.7978,0,298,5,52.04
2,1,350,17,40.27,0.3521,0.5773,1,201,2,40.59
2,2,115,6,40.75,0.3494,0.5957,0,71,7,41.79
3,1,203,9,42.54,0.4145,0.9987,1,182,9,50.65
4,3,254,10,63.7,0.6298,0.6828,1,132,10,65.34
4,1,208,16,67.03,0.6884,0.5494,1,276,7,58.29
1,3,313,16,29.49,0.2891,0.8216,1,154,8,33.57
2,2,345,19,61.3,0.5963,0.7421,1,209,6,66.71
3,2,53,2,0.0,0.0,0.3491,0,310,0,67.97
2,3,39,3,58.27,0.5514,0.7689,1,360,4,66.33
2,3,214,10,0.0,0.0,0.5493,1,105,0,46.5
1,3,129,6,40.76,0.4405,0.6792,0,158,9,37.12
1,1,194,7,22.73,0.2401,0.9189,1,32,6,30.42
3,2,317,14,70.07,0.7101,0.7046,1,15,10,77.31
4,2,122,5,66.79,0.61,0.6809,0,31,7,57.8
2,1,83,6,46.78,0.4172,0.9777,1,365,7,54.16
4,2,316,20,63.33,0.6009,0.6011,1,54,1,58.6
2,3,43,2,55.26,0.5234,0.6815,0,44,1,51.66
2,2,98,5,0.0,0.0,0.7518,1,106,0,45.88
2,3,103,6,58.75,0.6348,0.6003,1,339,4,57.8
3,3,57,3,72.36,0.6945,0.5347,1,135,10,72.11
3,3,187,14,77.94,0.6752,0.5087,1,96,10,73.82
1,1,78,3,0.0,0.0,0.7814,1,208,0,34.82
2,3,43,2,62.44,0.6051,0.693,1,361,1,57.69
4,2,276,13,72.51,0.7941,0.7396,1,88,5,65.7
2,1,171,8,61.43,0.5616,0.707,0,231,2,55.75
3,1,302,13,69.69,0.6141,0.6041,1,217,6,62.03
4,2,223,12,71.24,0.7344,0.4193,0,107,5,67.78
2,3,262,13,44.96,0.4243,0.6964,1,250,6,50.57
3,3,236,18,69.2,0.7024,0.7159,1,236,3,81.34
1,3,113,7,62.01,0.6144,0.521,0,111,10,56.62
2,3,91,4,60.1,0.6028,0.938,1,356,7,72.77
1,1,52,3,46.56,0.4322,0.6015,1,87,1,47.33
1,2,344,14,52.07,0.4867,0.4668,0,297,9,39.55
2,1,341,19,55.65,0.5498,0.9917,1,363,8,62.17
1,3,100,4,45.42,0.4293,0.5852,1,20,1,38.1
3,2,35,2,58.81,0.5832,0.9939,1,199,10,67.28
3,3,226,9,77.74,0.7907,0.6603,1,52,1,69.85
3,3,343,14,76.16,0.8362,0.6264,1,272,6,71.96
1,2,188,7,0.0,0.0,0.8503,1,144,0,59.4
1,2,259,12,51.12,0.5595,0.8673,1,19,5,52.86
3,2,223,17,73.3,0.6726,0.6834,1,272,10,77.39
4,3,200,14,60.75,0.5906,0.9567,1,353,5,64.34
1,3,83,6,65.22,0.6858,0.3409,0,201,2,65.48
2,1,63,5,0.0,0.0,0.6706,1,326,0,63.2
4,3,194,8,74.78,0.6616,0.9633,1,105,1,77.44
1,3,144,9,52.77,0.4996,0.5963,1,111,1,50.49
2,2,172,7,46.33,0.4153,0.3967,0,111,9,34.83
3,1,121,5,63.39,0.5687,0.8781,1,126,1,69.25
3,3,236,12,77.92,0.7295,0.3038,0,359,4,70.16
3,2,57,3,0.0,0.0,0.9089,1,50,0,67.06
4,1,188,9,74.61,0.7643,0.9796,1,301,5,79.05
4,2,270,16,84.1,0.9249,0.623,0,31,4,77.8
3,2,231,12,57.09,0.5498,0.7128,0,224,7,61.48
3,2,348,24,68.5,0.6956,0.6261,0,104,5,63.84
2,1,163,9,0.0,0.0,0.5792,1,291,0,59.77
3,1,280,15,70.58,0.6859,0.6767,1,64,2,69.37
4,3,173,12,83.05,0.7924,0.4694,0,91,8,72.7
3,3,338,24,69.11,0.6789,0.6867,1,362,2,70.57
4,1,34,2,60.08,0.6141,0.9513,1,334,6,73.96
4,2,194,9,58.89,0.6427,0.7861,1,127,2,58.78
2,2,313,17,0.0,0.0,0.9404,1,206,0,47.85
1,3,276,15,41.44,0.3722,0.856,1,196,4,43.67
1,2,192,11,57.41,0.5572,0.45,0,173,9,44.84
2,3,121,4,55.49,0.4801,0.7618,1,268,9,53.06
3,1,30,2,57.16,0.5064,0.6584,0,225,3,62.18
2,2,345,20,54.09,0.4743,0.638,1,320,2,53.15
4,2,33,2,74.2,0.7333,0.6576,1,202,5,68.35
3,2,116,7,0.0,0.0,0.662,1,301,0,65.4
2,2,57,2,62.34,0.6764,0.7151,0,192,2,59.87
3,1,277,16,0.0,0.0,0.8209,1,212,0,53.79
2,3,254,18,57.55,0.5219,0.6759,0,22,4,67.22
2,2,46,3,73.8,0.6527,0.6938,1,334,3,67.19
4,1,37,2,58.79,0.5806,0.6243,0,116,6,55.96
3,3,66,3,67.31,0.6389,0.304,0,331,5,60.29
3,2,106,4,53.51,0.4891,0.7939,0,211,9,54.18
1,2,333,13,50.94,0.4565,0.7425,0,115,10,49.6
2,3,134,5,53.08,0.4991,0.6444,0,300,4,54.86
2,3,37,2,50.99,0.4597,0.6943,1,177,3,42.3
4,2,276,15,64.73,0.5964,0.9287,1,137,9,71.22
1,1,342,27,0.0,0.0,0.9651,1,165,0,50.77
2,1,52,3,58.15,0.6217,0.5296,0,21,10,55.39
3,1,159,8,63.2,0.5562,0.9762,1,25,3,74.31
2,1,82,6,25.77,0.2638,0.5113,1,298,3,31.22
4,1,58,3,61.65,0.5286,0.9152,1,221,6,66.88
1,3,57,2,51.59,0.4646,0.8356,1,106,4,46.46
2,3,47,2,57.53,0.5694,0.896,1,34,6,58.51
3,2,266,13,65.9,0.651,0.7044,0,187,5,61.74
4,1,202,9,56.59,0.5962,0.7473,1,287,2,49.49
1,3,154,6,73.49,0.7075,0.8402,1,31,5,68.0
3,3,99,5,80.85,0.8151,0.9255,1,303,8,91.92
2,3,227,17,82.75,0.8159,0.7877,1,140,6,74.92
2,3,196,10,67.98,0.7022,0.7742,1,212,5,58.81
2,3,204,9,56.52,0.5024,0.8767,1,10,1,61.87
1,2,181,11,54.1,0.5008,0.651,0,107,6,52.33
1,1,120,5,48.84,0.5313,0.6788,1,216,10,45.89
1,3,216,14,41.26,0.4146,0.8176,1,313,6,50.18
1,2,188,11,50.23,0.4752,0.549,1,362,4,42.5
3,3,44,2,65.1,0.6306,0.5415,1,333,1,63.86
3,1,334,13,0.0,0.0,0.7763,1,241,0,55.42
1,3,90,4,65.12,0.6258,0.7316,1,299,10,55.07
4,3,324,23,69.41,0.6752,0.6467,1,93,8,75.53
4,1,104,4,69.23,0.5894,0.9034,1,100,1,73.47
4,1,323,14,66.71,0.6861,0.974,1,69,3,70.0
1,2,279,16,59.57,0.6097,0.5532,1,252,6,54.73
1,2,59,4,37.55,0.4016,0.7373,1,269,4,45.45
2,1,37,2,42.12,0.4276,0.7787,1,254,9,45.03
1,3,311,24,61.14,0.5422,0.6858,0,15,3,56.73
1,1,293,14,50.13,0.5278,0.6218,1,255,9,48.71
2,1,134,10,40.48,0.4,0.9293,1,46,6,50.72
2,1,269,14,51.53,0.535,0.6809,1,125,1,50.89
3,2,189,8,0.0,0.0,0.6996,0,201,0,71.11
4,2,90,4,52.43,0.5621,0.8777,1,90,8,57.03
4,1,246,12,75.65,0.8117,0.6528,0,199,6,71.84
3,2,199,12,69.77,0.6986,0.9277,1,250,8,68.38
2,2,197,14,61.41,0.6166,0.646,0,148,7,57.58
3,3,190,7,59.38,0.5331,0.5959,1,181,9,50.97
3,3,242,11,67.25,0.595,0.6475,1,361,3,56.93
3,3,261,13,58.7,0.5162,0.6457,1,136,2,58.79
3,1,279,16,70.31,0.6976,0.5732,1,320,6,70.16
1,2,306,12,0.0,0.0,0.7466,0,140,0,56.65
4,2,166,8,75.83,0.6823,0.5352,0,260,6,67.78
4,2,86,6,59.6,0.5147,0.6387,1,290,1,67.96
3,1,241,16,52.9,0.5246,0.4857,0,329,10,53.28
2,1,137,6,43.42,0.4074,0.3126,0,309,9,24.38
3,1,221,15,81.81,0.6989,0.6142,0,324,9,78.09
4,1,73,4,65.24,0.5816,0.4212,0,64,6,61.0
1,1,332,14,34.81,0.3145,0.3451,0,237,7,20.93
4,3,219,17,78.25,0.7506,0.6711,1,20,4,84.32
4,3,335,22,55.39,0.5682,0.8495,1,203,2,64.42
2,2,205,11,62.17,0.5875,0.9803,1,361,3,61.34
2,3,36,2,49.4,0.4643,0.54,0,238,5,48.29
3,2,142,9,60.03,0.6383,0.7996,1,110,4,64.58
1,2,71,3,44.32,0.3869,0.525,1,50,2,32.82
2,2,97,4,57.05,0.5433,0.3367,0,57,4,43.06
1,3,115,7,34.1,0.3702,0.6181,1,110,7,35.14
1,2,116,6,42.87,0.3836,0.5934,1,14,7,40.24
3,1,35,2,0.0,0.0,0.5835,1,250,0,54.75
2,1,213,10,58.51,0.565,0.8551,1,137,4,59.56
1,1,218,15,48.86,0.4981,0.7707,1,216,4,57.65
4,3,335,17,76.68,0.7958,0.7038,1,267,6,77.92
1,1,62,3,41.98,0.4518,0.6498,1,22,5,37.12
3,2,247,11,66.33,0.6384,0.8794,1,81,2,65.78
2,1,33,2,44.35,0.456,0.6023,1,76,7,46.37
4,1,76,4,0.0,0.0,0.9547,1,344,0,71.82
4,1,287,14,0.0,0.0,0.9343,1,255,0,61.27
1,2,284,20,49.2,0.4361,0.6348,1,22,1,42.78
3,1,254,14,52.54,0.484,0.5843,0,73,9,52.53
4,2,305,14,64.54,0.6302,0.5767,1,203,9,56.78
3,1,97,4,75.75,0.7185,0.4666,0,78,3,67.13
2,2,102,5,44.76,0.409,0.5003,1,43,9,40.74
4,1,137,7,71.9,0.6255,0.9497,1,325,2,72.1
3,2,310,16,70.18,0.7073,0.5778,1,359,5,70.11
3,3,150,10,0.0,0.0,0.6361,1,270,0,54.83
4,1,327,20,85.58,0.7753,0.9404,1,137,4,91.27
4,1,283,16,71.49,0.6826,0.5406,1,93,6,63.6
1,2,54,3,34.84,0.2988,0.5591,1,130,6,33.64
4,2,134,7,74.3,0.6848,0.5824,1,91,3,68.3
1,1,67,5,0.0,0.0,0.5357,0,57,0,39.95
2,1,26,2,0.0,0.0,0.841,0,197,0,45.22
3,3,317,24,53.56,0.4605,0.9941,1,324,2,59.01
1,1,276,20,40.33,0.3722,0.5358,1,323,9,44.02
3,1,288,21,63.68,0.6039,0.5814,1,252,9,66.42
4,2,230,13,74.6,0.7822,0.8331,1,117,3,77.86
2,1,65,5,67.11,0.5916,0.6412,1,180,1,74.2
3,3,234,17,73.37,0.7462,0.8647,1,164,10,78.74
4,3,42,2,70.77,0.6071,0.6261,1,105,6,68.74
4,2,190,10,61.83,0.6408,0.8292,1,300,5,67.43
2,2,237,17,57.69,0.525,0.9785,1,113,5,68.48
2,2,209,9,57.43,0.5417,0.5655,0,266,9,51.9
3,3,225,9,66.3,0.6356,0.9001,1,242,9,67.18
3,3,170,10,76.16,0.7596,0.5314,1,223,6,80.28
2,2,327,21,44.57,0.3832,0.7974,0,140,4,51.99
4,2,138,5,75.29,0.685,0.3263,0,48,7,63.78
4,1,281,12,61.58,0.6255,0.7901,1,283,10,54.75
3,1,224,11,62.76,0.5613,0.5071,1,229,5,66.38
4,1,75,5,72.01,0.6584,0.5345,0,93,4,70.2
3,1,302,14,56.55,0.4903,0.9366,1,11,10,62.07
3,1,83,3,65.27,0.682,0.561,1,352,5,61.02
3,1,115,6,59.44,0.5863,0.5091,1,327,3,56.49
1,1,108,7,19.36,0.1739,0.8787,1,189,2,26.89
1,2,246,18,54.54,0.5694,0.5838,1,327,8,54.19
1,3,141,6,32.67,0.304,0.95,1,28,7,36.03
4,1,215,10,71.86,0.7455,0.4733,0,247,6,70.2
1,3,94,5,70.65,0.6607,0.5162,1,336,8,62.94
3,1,175,13,62.66,0.5412,0.982,1,80,1,64.75
2,2,199,8,44.05,0.4293,0.7034,1,23,1,38.47
3,2,95,3,68.51,0.685,0.3624,0,145,9,55.92
1,1,320,21,36.07,0.3825,0.7707,1,50,1,41.1
3,3,231,10,0.0,0.0,0.939,1,57,0,66.03
3,2,73,2,62.04,0.5279,0.5213,1,194,9,53.99
2,3,312,13,63.18,0.6395,0.9333,1,332,3,65.7
1,2,111,5,61.03,0.5966,0.5026,1,277,10,55.32
2,2,305,20,48.9,0.4392,0.6721,1,217,6,54.02
4,3,88,4,74.4,0.753,0.9889,1,217,4,72.07
2,3,119,5,54.85,0.4844,0.849,0,33,9,54.81
1,3,166,6,37.87,0.3222,0.3609,0,17,9,19.56
4,1,100,4,71.42,0.6805,0.8402,1,237,1,68.23
2,3,121,5,67.74,0.6169,0.6369,1,35,10,61.93
2,1,55,2,59.98,0.6419,0.4536,0,228,8,54.7
1,2,325,18,46.96,0.4748,0.8442,1,151,4,57.16
3,1,270,18,45.34,0.4405,0.8217,0,270,2,46.6
2,1,155,7,54.76,0.5835,0.6551,1,216,4,54.59
1,1,169,11,47.14,0.4662,0.8995,1,281,3,47.23
2,3,101,4,46.35,0.483,0.7099,1,184,5,46.29
1,3,181,8,52.0,0.5182,0.8349,1,318,6,59.41
3,1,150,9,56.23,0.5281,0.7662,1,262,5,57.3
1,3,64,4,80.05,0.7214,0.998,1,47,2,92.99
1,3,94,6,65.19,0.5897,0.4411,0,310,3,50.91
4,1,72,4,75.3,0.6871,0.8732,1,133,3,78.32
1,2,28,2,39.17,0.413,0.5265,0,179,7,42.43
2,3,167,13,72.36,0.7156,0.7064,0,331,5,68.61
1,3,105,6,0.0,0.0,0.5979,1,117,0,51.04
2,1,255,17,51.76,0.444,0.862,1,197,2,50.78
3,3,246,17,56.08,0.5297,0.3193,0,99,1,46.27
4,1,62,4,70.12,0.6722,0.5831,1,276,1,66.83
3,2,105,4,41.69,0.4537,0.8055,1,237,9,43.07
3,2,35,2,68.09,0.6427,0.9636,1,307,4,76.13
1,1,298,12,51.37,0.5201,0.9084,1,37,1,53.47
2,3,148,6,63.92,0.6805,0.5371,1,285,8,58.26
1,2,158,9,47.54,0.4623,0.5699,1,122,2,43.68
1,3,241,11,63.32,0.5509,0.7304,1,358,8,59.47
1,1,30,2,62.03,0.6394,0.3907,0,336,10,51.22
1,1,75,4,35.01,0.3542,0.647,0,319,8,36.53
3,2,219,10,60.68,0.5553,0.747,0,317,8,56.35
4,2,64,4,54.83,0.5347,0.6571,1,250,4,58.34
1,1,331,26,47.63,0.446,0.6807,1,274,10,53.45
3,3,87,5,75.75,0.7949,0.9953,1,199,2,78.33
2,3,217,10,48.66,0.4201,0.5256,0,324,8,38.24
4,3,344,15,70.3,0.63,0.4473,0,34,8,61.16
3,3,88,3,59.38,0.6136,0.8219,1,290,8,56.04
4,2,124,7,71.4,0.7012,0.4473,0,89,3,64.93
4,3,176,8,61.78,0.6379,0.5793,1,134,8,58.41
4,3,295,16,85.71,0.7949,0.5411,1,30,1,80.34
4,1,206,8,60.11,0.5173,0.6145,1,355,5,48.75
3,2,123,5,0.0,0.0,0.7349,1,167,0,57.52
4,2,296,15,0.0,0.0,0.8654,1,198,0,74.95
2,3,166,10,48.51,0.4688,0.5308,1,362,2,46.96
1,2,147,10,59.72,0.5606,0.6289,1,171,3,64.82
1,2,77,5,38.37,0.3698,0.9393,1,73,9,43.64
2,1,328,24,48.51,0.4615,0.6129,1,218,10,51.18
1,3,338,15,56.98,0.5923,0.6947,1,246,7,61.45
1,1,119,8,0.0,0.0,0.5147,1,64,0,35.58
2,3,293,12,64.87,0.6547,0.8646,1,315,3,63.88
1,3,342,16,66.07,0.6223,0.567,1,39,6,68.5
1,3,319,20,57.82,0.5681,0.5132,1,81,8,57.69
4,1,135,6,77.55,0.6879,0.4513,0,182,8,64.8
1,3,175,12,47.41,0.5013,0.889,1,182,8,59.35
2,2,48,2,63.25,0.5561,0.7292,0,19,1,68.21
1,3,129,7,43.89,0.4687,0.3847,0,243,6,34.15
1,2,114,5,55.69,0.5983,0.9087,1,270,4,55.13
1,2,345,14,47.0,0.4162,0.5885,0,145,6,35.57
3,3,180,7,0.0,0.0,0.9926,1,109,0,73.75
3,2,306,14,76.26,0.6742,0.4286,0,201,8,61.96
1,3,214,11,0.0,0.0,0.5237,1,198,0,48.72
1,2,171,8,0.0,0.0,0.7266,1,140,0,46.6
4,3,318,14,68.02,0.681,0.8649,1,357,10,74.76
4,1,299,13,66.94,0.6333,0.6241,1,179,9,62.03
3,3,341,15,74.27,0.6514,0.9035,1,124,3,69.72
3,1,313,16,0.0,0.0,0.8498,1,295,0,60.17
4,1,238,9,0.0,0.0,0.587,1,120,0,58.01
3,3,291,14,76.82,0.7817,0.6809,1,134,5,79.8
1,2,26,2,44.11,0.3906,0.805,1,184,6,47.32
1,3,232,11,50.11,0.4942,0.6635,0,57,5,50.64
4,2,233,11,68.8,0.658,0.8428,1,84,3,67.88
2,3,86,5,58.78,0.6139,0.5745,1,310,3,55.7
3,3,45,2,56.53,0.4814,0.7171,1,210,2,57.07
4,1,223,12,68.56,0.5967,0.6365,0,23,1,66.07
1,3,167,12,45.44,0.4228,0.8868,1,332,10,50.89
2,3,346,24,68.83,0.623,0.5084,1,263,5,63.68
4,1,54,2,74.6,0.7763,0.565,1,80,7,62.33
3,1,276,12,55.78,0.6028,0.991,1,299,7,58.68
3,1,228,9,47.35,0.4256,0.4277,0,77,10,38.18
3,2,201,8,60.88,0.5341,0.5396,1,15,6,59.08
2,3,77,5,91.15,0.9458,0.5823,0,352,2,87.7
3,1,201,11,50.92,0.4606,0.6673,0,161,3,46.29
2,3,190,15,69.64,0.7343,0.6424,1,37,6,72.6
2,2,77,4,61.68,0.541,0.5548,0,265,8,54.04
2,1,32,2,50.77,0.5357,0.5912,1,331,10,49.75
2,2,112,5,28.66,0.2962,0.8656,1,320,5,25.68
2,3,149,6,67.49,0.6274,0.4259,0,240,8,61.44
1,2,350,19,46.7,0.5051,0.5631,0,41,10,37.88
2,2,290,13,69.57,0.7243,0.5718,1,347,2,64.76
2,1,106,8,57.03,0.5815,0.5074,1,181,6,50.3
1,3,160,9,48.47,0.5053,0.8399,0,81,2,45.6
3,3,329,13,62.87,0.6272,0.6343,1,230,8,54.5
1,1,89,3,0.0,0.0,0.8992,1,319,0,35.42
4,3,331,15,62.99,0.5559,0.6689,1,322,4,62.63
1,3,345,18,62.93,0.6864,0.5179,1,345,7,54.76
2,1,303,17,48.08,0.5256,0.8136,0,241,6,52.3
3,2,57,2,56.45,0.6172,0.7661,1,206,10,53.65
4,3,279,13,69.67,0.6821,0.8468,0,29,2,66.92
3,3,120,5,57.86,0.5451,0.9415,1,349,3,63.65
4,2,342,20,64.69,0.57,0.7709,1,185,7,66.59
3,2,226,12,76.52,0.6879,0.9076,1,160,6,75.94
2,3,297,13,66.96,0.6063,0.7731,1,303,4,59.27
1,2,192,13,45.25,0.4663,0.5889,1,185,5,36.7
2,2,326,21,68.43,0.6991,0.7732,0,268,3,75.43
1,3,38,2,44.81,0.439,0.9748,1,296,7,49.84
4,3,172,7,85.09,0.8559,0.9469,1,305,3,86.07
1,1,109,8,54.03,0.5718,0.618,1,29,8,58.85
4,2,70,4,80.84,0.728,0.3954,0,327,7,74.37
2,2,293,22,39.11,0.3762,0.508,1,327,6,36.94
1,2,69,5,72.98,0.7169,0.848,1,278,5,80.61
4,3,92,4,0.0,0.0,0.5649,1,273,0,80.47
3,2,194,10,69.69,0.6649,0.932,1,308,6,66.54
4,3,251,16,76.54,0.7482,0.9466,1,153,2,84.45
3,3,187,8,41.74,0.3849,0.6523,1,324,9,49.76
4,2,38,2,0.0,0.0,0.5214,1,167,0,54.04
2,1,146,10,59.05,0.5121,0.487,0,27,1,46.47
2,3,118,5,45.08,0.4173,0.7624,1,206,4,42.74
4,1,280,11,62.11,0.6504,0.6463,1,221,3,66.29
2,3,288,11,67.35,0.7273,0.9749,1,45,2,63.39
2,3,303,13,54.93,0.4755,0.3788,0,340,1,43.04
1,3,218,10,52.47,0.5141,0.7448,1,114,1,49.94
1,3,109,4,38.08,0.3671,0.9499,1,255,6,41.03
4,2,312,15,82.17,0.7263,0.6142,0,26,7,68.89
4,2,308,20,73.97,0.6623,0.5605,1,250,1,77.56
2,1,251,11,45.48,0.4919,0.9833,1,24,3,47.29
2,3,235,10,62.28,0.6318,0.8202,1,130,1,56.73
2,1,211,9,55.1,0.5771,0.7701,1,173,3,52.84
4,1,275,12,62.04,0.5612,0.6449,1,20,7,51.55
3,2,280,14,67.4,0.6033,0.9124,1,308,1,71.0
2,2,60,4,58.55,0.5663,0.7489,1,67,5,68.22
2,2,95,4,42.47,0.4614,0.5653,1,24,8,43.3
1,1,211,12,0.0,0.0,0.5866,1,32,0,25.2
4,3,282,15,74.09,0.7581,0.9393,1,351,9,83.77
3,1,56,2,0.0,0.0,0.453,0,164,0,55.63
2,2,318,19,37.96,0.329,0.5815,1,117,7,42.41
1,1,101,4,36.36,0.3624,0.512,1,165,2,23.85
2,2,286,19,62.63,0.6613,0.7883,1,250,9,66.19
4,1,336,13,64.77,0.6691,0.3866,0,361,2,60.1
4,2,52,3,61.19,0.5337,0.5215,0,76,10,56.26
1,2,94,4,48.08,0.4613,0.809,0,119,10,42.41
1,2,197,13,0.0,0.0,0.7277,1,350,0,40.26
3,3,169,11,83.51,0.7692,0.8415,1,330,1,77.72
1,3,192,7,44.22,0.3778,0.5968,1,197,2,39.08
3,3,25,2,62.17,0.6397,0.6726,1,365,3,57.03
1,1,257,18,39.18,0.3869,0.6937,1,76,4,46.58
2,1,104,8,52.75,0.571,0.6809,1,92,7,49.95
3,1,110,5,0.0,0.0,0.8608,1,53,0,56.3
1,2,141,10,47.18,0.4137,0.9765,1,91,4,58.39
1,1,41,2,28.89,0.2468,0.9525,1,264,1,31.74
4,2,241,10,61.7,0.6155,0.674,1,155,4,58.12
4,1,79,5,68.89,0.6651,0.3243,0,40,4,61.81
1,1,131,10,23.68,0.2248,0.545,1,92,6,23.83
4,3,74,3,73.34,0.6906,0.626,0,65,10,73.0
4,1,125,6,59.59,0.5753,0.3438,0,34,6,51.62
3,2,276,17,83.14,0.7431,0.5124,1,299,6,78.41
3,2,243,11,68.06,0.599,0.4094,0,353,9,60.17
2,3,250,10,48.73,0.5226,0.5745,1,190,6,37.72
2,3,268,21,0.0,0.0,0.7015,1,227,0,62.77
1,1,84,6,55.88,0.6026,0.712,0,144,9,59.69
2,3,313,14,53.1,0.5438,0.6575,1,351,10,54.84
2,1,155,7,57.43,0.581,0.7485,1,212,8,54.96
4,3,262,13,74.24,0.6534,0.8015,1,159,10,80.55
1,1,135,7,0.0,0.0,0.7855,1,137,0,60.31
3,2,118,8,66.92,0.6663,0.9978,1,238,8,72.03
1,1,109,4,28.63,0.2533,0.328,0,245,10,23.5
2,1,70,4,36.26,0.3654,0.6297,1,289,2,32.53
1,1,339,17,39.24,0.383,0.7924,1,85,9,38.55
4,1,300,16,74.37,0.7267,0.9257,1,289,9,71.79
4,2,86,4,71.26,0.6987,0.6166,1,235,5,70.39
1,3,113,8,0.0,0.0,0.5234,1,252,0,46.74
2,1,219,11,62.06,0.628,0.3868,0,265,4,53.45
3,1,283,20,49.78,0.4952,0.9651,1,254,6,58.16
1,3,206,13,48.55,0.5085,0.6773,1,32,1,55.0
4,3,170,8,66.75,0.6605,0.6887,1,64,8,66.64
4,1,174,8,64.1,0.5902,0.6919,1,137,9,56.74
3,3,286,17,62.73,0.6028,0.4859,0,207,1,62.88
3,3,149,6,84.48,0.7181,0.9801,1,123,6,92.36
3,3,141,7,61.03,0.5397,0.7398,1,279,6,54.61
4,1,344,15,67.11,0.7097,0.8783,1,137,1,71.49
3,3,108,4,60.63,0.6237,0.4173,0,218,3,56.21
2,1,155,9,49.32,0.5216,0.3911,0,152,8,41.94
3,2,74,4,69.7,0.5979,0.459,0,24,10,62.39
1,2,272,11,39.47,0.361,0.8765,1,332,1,38.84
1,3,26,2,26.43,0.2797,0.4493,0,236,7,23.79
1,1,192,9,49.43,0.4876,0.7692,1,137,6,47.08
4,3,284,16,62.64,0.6403,0.6637,1,311,4,63.52
1,1,88,4,53.6,0.5477,0.6807,1,205,9,50.87
1,2,241,11,0.0,0.0,0.6278,0,294,0,57.48
4,1,89,6,62.0,0.5673,0.5279,1,258,9,60.32
3,1,177,9,60.09,0.649,0.8412,1,150,9,63.13
4,2,248,16,0.0,0.0,0.9657,1,171,0,74.25
4,2,300,12,62.56,0.6023,0.884,1,123,9,65.01
1,2,91,6,61.74,0.5836,0.6484,0,224,5,64.4
3,3,348,21,68.34,0.6402,0.5046,1,355,9,58.06
1,1,102,6,45.3,0.4636,0.7006,1,171,7,53.01
1,2,168,7,54.67,0.4773,0.9259,1,138,1,52.63
4,1,28,2,68.84,0.674,0.8555,1,296,8,72.2
2,1,329,14,52.99,0.5092,0.5068,1,149,5,37.4
4,2,109,5,84.86,0.9164,0.5908,0,127,6,78.89
4,2,326,15,75.48,0.6506,0.9869,1,335,8,82.7
2,2,90,6,78.75,0.7332,0.8985,1,147,8,82.38
1,1,181,8,35.13,0.3559,0.5728,1,110,4,33.55
2,1,103,4,46.46,0.4838,0.7456,1,327,7,49.79
1,2,130,8,36.02,0.3642,0.5832,1,96,4,39.73
4,3,111,4,74.29,0.7323,0.5336,1,208,7,68.63
2,1,124,9,58.44,0.6421,0.6625,1,289,9,54.76
2,2,142,6,0.0,0.0,0.8065,0,334,0,54.35
4,2,267,14,69.31,0.649,0.4398,0,353,8,54.87
3,2,297,20,66.45,0.7108,0.7376,1,327,8,69.4
1,1,189,12,65.94,0.7189,0.6277,1,285,9,66.76
4,3,325,17,62.92,0.674,0.7994,1,166,2,68.31
2,2,78,5,54.04,0.4907,0.9309,1,316,7,58.29
4,3,129,5,75.85,0.6877,0.7607,1,131,10,71.08
1,3,306,16,52.47,0.5617,0.3948,0,273,6,42.26
1,3,110,7,0.0,0.0,0.5075,1,127,0,23.77
2,1,222,12,66.43,0.5837,0.754,1,333,6,61.23
4,3,222,16,67.34,0.6351,0.6444,1,130,8,68.34
3,2,68,3,0.0,0.0,0.6382,1,291,0,50.96
2,1,326,20,51.81,0.5427,0.4092,0,18,10,36.83
2,1,214,9,66.84,0.6665,0.5373,1,20,4,52.6
1,2,224,12,33.36,0.2897,0.6965,1,199,1,30.5
1,3,140,5,0.0,0.0,0.7708,1,61,0,49.19
3,3,265,21,84.78,0.8817,0.7741,1,160,9,86.38
2,2,343,19,42.47,0.4255,0.764,1,286,6,40.31
1,2,295,11,50.06,0.4346,0.7416,0,229,10,44.38
2,2,257,10,0.0,0.0,0.6184,1,21,0,47.84
1,1,208,11,32.97,0.3233,0.9363,1,204,10,45.39
1,3,213,8,55.75,0.545,0.5589,1,259,1,46.54
4,2,95,5,59.9,0.5993,0.5483,1,354,6,61.22
2,2,72,3,40.56,0.3717,0.6317,0,254,9,37.7
3,3,160,7,56.32,0.5163,0.7528,0,187,5,53.88
1,2,247,11,47.1,0.4152,0.7485,1,10,2,42.6
1,3,137,5,68.71,0.6544,0.7297,1,118,5,66.55
4,1,282,19,51.85,0.5555,0.5292,1,258,8,49.11
2,1,148,11,37.92,0.3292,0.7711,1,201,6,46.69
3,3,55,4,66.96,0.599,0.9036,1,346,9,73.89
1,2,47,2,53.63,0.5828,0.7203,1,301,3,51.97
4,1,245,12,79.12,0.7232,0.994,1,54,10,78.74
3,3,141,6,56.35,0.5913,0.7066,1,294,2,51.67
4,2,92,4,71.82,0.6847,0.9797,1,273,4,70.32
2,2,300,22,62.57,0.5374,0.5769,1,297,1,59.13
2,1,264,11,51.24,0.5288,0.762,1,133,3,45.21
3,1,164,6,58.24,0.5007,0.5969,1,290,6,54.06
3,2,302,16,77.08,0.8093,0.9907,1,332,8,85.11
3,2,194,11,70.84,0.7467,0.8523,1,211,7,72.32
3,1,211,8,69.86,0.7379,0.7704,1,180,2,70.27
3,1,183,8,73.27,0.8041,0.4285,0,52,10,67.15
4,1,332,13,0.0,0.0,0.743,0,237,0,61.23
2,1,349,28,45.58,0.4805,0.8493,1,52,9,54.77
2,1,118,6,57.52,0.6018,0.6787,1,40,5,64.83
1,1,188,13,53.94,0.5807,0.899,1,361,3,50.54
3,2,41,2,0.0,0.0,0.7462,1,236,0,53.49
2,1,206,9,40.6,0.4135,0.9567,1,351,9,43.41
1,2,172,7,46.91,0.4834,0.7935,0,70,9,47.18
1,2,134,7,44.88,0.4501,0.6421,1,46,8,33.65
1,1,197,8,50.84,0.4778,0.6218,1,201,9,36.95
3,1,42,3,69.39,0.6885,0.8221,1,213,7,65.97
1,1,304,17,32.33,0.3311,0.5634,0,146,7,28.81
2,3,124,6,60.94,0.5647,0.9933,1,125,4,69.99
4,2,105,6,0.0,0.0,0.6481,0,15,0,69.96
4,2,155,11,73.16,0.7201,0.3336,0,105,6,67.46
2,1,73,5,0.0,0.0,0.8216,1,225,0,54.43
1,2,301,15,57.67,0.5638,0.3833,0,69,6,48.35
2,1,340,14,59.64,0.6524,0.667,1,298,4,53.34
4,2,69,4,71.16,0.742,0.6976,1,128,9,77.24
2,1,97,5,46.94,0.4532,0.5123,1,315,5,43.37
2,1,201,8,53.6,0.5512,0.5905,1,230,3,48.97
2,1,205,8,46.8,0.5043,0.8432,1,299,8,42.48
1,2,248,16,55.64,0.5192,0.8652,1,170,5,55.94
4,1,73,4,63.17,0.6937,0.6182,1,283,8,61.06
2,1,104,5,40.67,0.3945,0.58,0,179,9,39.11
1,3,74,2,53.88,0.4799,0.6032,0,324,2,49.49
3,3,142,10,88.57,0.7659,0.4533,0,152,2,77.32
1,1,240,9,23.57,0.2416,0.8679,1,16,5,23.96
2,1,166,6,22.92,0.2074,0.6943,0,264,2,17.94
1,1,215,10,0.0,0.0,0.8797,1,267,0,69.17
1,2,154,8,0.0,0.0,0.9124,1,186,0,58.0
4,2,260,15,65.66,0.5798,0.3126,0,92,9,56.59
1,2,62,3,33.53,0.3575,0.8197,0,308,6,37.13
1,1,159,10,32.52,0.3079,0.6121,0,113,8,28.58
1,2,212,12,37.79,0.4128,0.9849,1,211,5,37.69
1,2,144,6,59.61,0.5654,0.6516,1,156,2,56.2
3,2,245,14,55.48,0.5665,0.5943,1,125,3,52.47
3,3,334,19,67.4,0.6378,0.917,1,55,7,76.17
3,1,95,3,68.24,0.7406,0.6603,1,354,5,63.07
1,3,277,11,71.85,0.7437,0.5738,1,132,9,62.29
3,3,219,14,80.25,0.7944,0.9437,1,154,3,93.62
2,2,54,3,48.16,0.4337,0.9045,1,133,3,54.47
1,1,295,15,0.0,0.0,0.8594,1,199,0,41.4
4,3,162,8,68.36,0.6496,0.8603,1,147,7,66.8
3,1,209,8,36.34,0.3867,0.9656,1,314,6,43.74
4,1,89,6,55.37,0.5102,0.6838,0,14,5,45.26
3,3,69,3,59.0,0.5492,0.7879,1,213,2,53.99
3,2,147,12,80.76,0.714,0.8587,1,70,4,83.11
3,1,160,7,71.22,0.6334,0.5582,1,172,9,71.0
3,1,315,18,57.78,0.6024,0.8286,0,358,10,60.64
1,2,296,13,50.07,0.4717,0.5462,1,295,2,45.96
3,2,168,7,73.37,0.7031,0.8988,1,142,2,72.74
4,1,82,4,85.66,0.9281,0.8458,1,220,10,81.53
3,3,252,13,66.34,0.6597,0.662,1,106,2,66.26
3,1,48,2,57.83,0.6092,0.5314,1,198,10,47.44
3,3,43,3,41.28,0.4008,0.8647,1,43,2,45.83
2,1,242,19,59.8,0.6267,0.6088,1,213,4,65.46
1,2,126,9,73.15,0.7356,0.5771,1,210,6,75.72
2,3,348,15,67.27,0.7343,0.9466,1,347,3,77.06
2,1,251,16,56.57,0.5077,0.804,1,10,9,56.3
2,2,140,10,68.95,0.7536,0.5458,1,35,6,71.9
4,1,279,12,57.51,0.5988,0.9149,1,112,1,58.67
4,1,104,6,59.66,0.6534,0.8295,0,357,5,57.76
2,3,347,19,79.35,0.7805,0.7013,1,112,4,73.99
2,1,132,5,79.48,0.7037,0.6916,0,18,3,66.91
1,3,202,10,58.87,0.6267,0.8587,1,350,10,58.73
2,1,206,11,54.49,0.5985,0.6858,1,35,6,58.06
4,1,270,11,63.95,0.5542,0.7658,1,149,3,60.69
3,1,145,12,65.07,0.7076,0.8266,1,175,10,79.67
2,1,222,15,52.59,0.4545,0.832,1,127,10,52.34
3,2,57,3,59.61,0.5541,0.8996,1,330,4,62.03
1,2,162,12,82.56,0.8599,0.665,1,149,9,89.37
1,3,217,11,50.06,0.4877,0.5301,1,10,3,44.99
2,1,106,5,56.1,0.5642,0.548,1,348,1,52.03
2,3,149,6,68.18,0.6584,0.727,1,28,6,60.45
4,1,272,18,74.15,0.8129,0.5408,0,209,9,69.55
3,3,320,13,59.99,0.5729,0.6506,0,116,8,53.86
3,1,220,13,64.21,0.5508,0.8625,1,306,3,65.95
1,1,48,3,48.53,0.5065,0.6891,1,154,9,48.11
4,2,25,2,59.74,0.5771,0.7724,1,232,8,61.43
4,3,255,10,69.2,0.7423,0.9953,1,141,1,74.93
3,1,186,8,66.76,0.6007,0.6931,1,149,7,59.89
4,2,65,4,61.72,0.6125,0.6605,1,35,10,61.86
3,3,213,12,66.1,0.6492,0.8372,1,228,2,65.68
3,3,173,7,96.28,1,0.6743,1,154,9,85.39
4,3,194,8,68.12,0.706,0.6287,1,47,4,64.06
1,2,316,13,41.33,0.4374,0.6292,1,306,9,42.48
4,2,234,15,82.39,0.8567,0.8498,1,97,8,82.46
3,3,240,17,68.51,0.6809,0.8213,1,277,7,71.08
3,1,29,2,62.36,0.5995,0.3953,0,255,9,56.01
3,3,203,13,56.14,0.5245,0.566,1,74,10,51.45
1,1,315,17,54.41,0.5143,0.6979,0,124,4,46.34
2,3,207,15,53.59,0.5001,0.6781,1,314,1,61.16
4,1,266,10,65.79,0.7138,0.5394,1,303,8,51.65
3,3,209,10,53.92,0.5106,0.4226,0,287,3,48.97
3,1,118,8,62.51,0.556,0.5679,1,137,6,64.08
2,2,233,15,69.6,0.67,0.7522,1,364,1,70.74
4,3,185,8,71.78,0.7123,0.8766,1,35,2,77.0
1,3,274,15,71.6,0.7864,0.9207,1,39,4,74.79
2,1,212,8,32.43,0.2888,0.9722,1,226,2,34.36
3,3,106,7,67.5,0.7076,0.3089,0,179,2,60.68
4,3,30,2,76.82,0.6909,0.7205,1,364,3,84.48
4,2,30,2,84.38,0.8459,0.6576,1,39,6,86.13
2,2,65,2,49.17,0.5299,0.7781,1,142,2,48.91
1,1,163,7,44.92,0.4333,0.8998,1,18,2,44.82
1,2,92,5,32.21,0.2785,0.8611,1,142,5,38.27
1,2,350,16,40.85,0.4108,0.9679,1,103,5,40.18
3,1,141,7,55.61,0.4941,0.8145,1,183,7,46.71
2,1,187,9,51.11,0.4848,0.8563,1,269,9,49.57
2,1,256,13,38.21,0.4007,0.3465,0,34,1,30.87
1,1,202,8,43.48,0.4363,0.9454,1,47,8,53.78
4,1,43,2,66.04,0.6601,0.7939,1,327,3,64.6
2,3,187,8,44.99,0.3984,0.6939,1,140,1,44.24
2,1,35,2,44.19,0.3922,0.3969,0,357,4,34.73
4,1,124,5,0.0,0.0,0.9082,1,113,0,81.4
4,1,181,9,57.34,0.6196,0.5555,0,95,8,54.85
1,2,284,13,38.87,0.3899,0.5947,1,359,1,34.27
2,2,243,11,63.86,0.6611,0.634,1,241,3,64.56
4,2,208,10,0.0,0.0,0.9429,1,188,0,73.74
1,1,213,10,44.62,0.3961,0.5357,1,220,2,41.51
3,2,322,18,69.99,0.737,0.5862,1,328,6,72.91
3,3,245,14,64.33,0.6534,0.5135,1,352,5,60.84
2,3,79,5,56.72,0.5208,0.9255,1,90,8,61.03
1,3,73,2,75.1,0.7852,0.648,1,349,2,69.18
3,3,103,4,59.73,0.5677,0.552,1,308,8,58.66
1,3,54,3,51.27,0.5319,0.8369,1,31,4,51.44
4,2,293,16,57.1,0.6223,0.6409,1,214,5,58.79
3,3,91,6,77.22,0.6912,0.8574,1,233,10,81.06
2,1,33,2,48.24,0.4405,0.8349,0,154,1,49.34
4,3,82,6,76.87,0.7392,0.7031,1,322,9,77.09
1,3,107,5,48.55,0.4196,0.7111,1,20,3,47.35
2,3,125,5,59.0,0.5512,0.5943,1,59,8,59.06
3,1,163,10,65.38,0.556,0.8446,1,223,8,64.19
2,3,56,4,52.5,0.5164,0.9113,1,233,6,69.18
2,3,130,5,46.5,0.487,0.6072,1,257,8,41.6
4,3,83,3,79.91,0.8616,0.884,1,100,8,78.06
4,3,181,7,76.0,0.6754,0.5784,1,125,1,69.94
2,1,139,8,33.71,0.3254,0.9281,1,280,2,37.03
1,2,271,14,49.39,0.4975,0.791,1,13,1,48.16
1,3,63,3,51.67,0.5176,0.5584,1,267,7,48.12
4,3,298,14,64.06,0.6241,0.5083,1,87,8,56.31
4,2,229,12,67.0,0.672,0.9147,1,80,2,65.33
2,2,191,12,58.46,0.4982,0.6489,1,79,4,55.35
1,2,341,19,54.25,0.5952,0.8822,1,303,9,52.47
1,3,329,18,41.92,0.3932,0.7855,1,217,10,41.77
3,1,336,14,64.33,0.5649,0.6445,1,244,4,56.65
2,2,322,16,58.22,0.6079,0.6326,1,171,8,56.28
1,3,226,9,65.91,0.7192,0.7882,0,26,5,61.34
4,1,228,13,66.96,0.7098,0.5941,0,139,8,63.27
3,3,309,13,73.87,0.7305,0.9022,1,178,9,69.65
2,3,329,15,63.69,0.5583,0.9921,1,131,4,60.98
1,1,214,8,0.0,0.0,0.3253,0,186,0,41.95
4,3,330,19,67.91,0.5801,0.6787,1,159,3,68.15
2,2,302,14,54.37,0.5305,0.8605,1,19,4,59.97
1,3,42,3,41.9,0.4347,0.9443,1,72,10,51.04
3,2,154,11,71.6,0.6577,0.711,1,215,9,70.73
3,1,97,4,60.59,0.5327,0.8056,1,233,2,61.25
4,1,119,4,62.64,0.5693,0.8238,1,160,2,61.79
4,1,224,14,68.94,0.704,0.7986,1,317,4,68.12
2,3,140,8,66.66,0.6145,0.6091,1,95,7,53.81
1,1,119,4,39.39,0.4263,0.6184,1,337,1,42.56
4,1,242,10,74.86,0.7518,0.8562,1,174,8,73.58
3,1,112,5,71.99,0.6371,0.5507,1,69,5,67.03
3,3,68,3,0.0,0.0,0.5261,1,336,0,63.71
1,2,254,14,44.34,0.4477,0.5706,1,234,4,46.48
3,1,85,5,59.74,0.6127,0.7297,1,143,4,62.56
2,1,195,12,67.57,0.5954,0.3457,0,45,8,60.39
2,1,332,13,50.92,0.5521,0.753,1,99,6,53.37
3,1,270,14,59.44,0.5699,0.5313,1,102,3,51.42
1,2,133,5,41.24,0.4003,0.7559,1,61,3,34.42
3,2,269,18,67.74,0.7003,0.6894,1,93,4,64.13
4,3,139,9,85.22,0.7534,0.6285,1,202,6,85.28
3,1,337,17,55.46,0.4869,0.7771,1,255,9,50.18
2,3,199,14,79.91,0.7872,0.761,1,157,1,84.09
3,3,288,13,64.49,0.6835,0.7289,1,199,4,61.69
4,1,276,16,47.51,0.4452,0.9727,1,66,9,55.26
2,1,250,11,47.58,0.5112,0.9193,1,80,7,45.49
3,3,256,10,53.59,0.4575,0.7903,1,163,7,55.96
3,1,161,7,49.15,0.4374,0.991,1,63,3,58.81
1,1,132,6,35.65,0.37,0.557,1,51,5,29.73
4,3,65,4,58.07,0.4969,0.8283,1,303,5,62.38
2,1,214,13,41.35,0.4406,0.7926,1,123,8,44.27
3,3,283,14,0.0,0.0,0.7323,1,16,0,59.25
2,1,227,18,39.5,0.3935,0.8272,0,282,1,44.73
2,3,186,11,65.78,0.6781,0.3325,0,281,3,55.64
1,3,87,6,66.29,0.5986,0.7002,1,185,5,67.79
4,1,250,19,63.2,0.6177,0.7842,1,117,5,62.36
1,3,28,2,62.97,0.6535,0.5452,1,334,8,70.74
3,2,196,8,61.37,0.5584,0.593,1,187,6,58.18
4,2,151,8,60.98,0.6462,0.7358,1,103,10,60.18
4,1,240,9,65.6,0.6196,0.8028,0,161,10,66.17
3,2,60,2,66.98,0.5869,0.7309,1,175,10,65.15
2,2,178,10,36.67,0.3157,0.5622,1,106,4,32.53
2,2,134,11,42.03,0.3714,0.9362,1,144,2,52.3
3,3,321,21,68.92,0.7227,0.7877,1,304,5,72.17
4,2,335,16,0.0,0.0,0.5866,1,284,0,59.66
4,2,188,8,70.18,0.7424,0.7688,1,242,5,70.45
2,2,125,10,64.14,0.6745,0.9926,1,64,6,72.33
3,3,42,2,43.85,0.4715,0.6028,1,250,3,40.71
4,3,138,6,58.93,0.5605,0.7248,1,138,3,67.79
1,3,82,3,64.87,0.693,0.5931,1,75,5,64.17
4,1,45,2,64.8,0.6569,0.7784,0,53,1,55.21
3,2,261,18,56.42,0.4876,0.8447,1,149,4,59.83
1,3,147,6,57.75,0.5017,0.8573,1,168,10,60.85
2,1,166,8,66.89,0.6618,0.5144,0,140,7,57.8
4,1,278,12,72.25,0.6476,0.7578,0,365,2,66.68
4,1,80,4,64.14,0.6065,0.8438,1,120,9,65.29
1,2,254,12,64.01,0.5531,0.8895,1,26,2,60.62
2,2,237,11,43.67,0.4759,0.505,1,248,1,38.73
4,3,278,18,72.65,0.791,0.5062,1,246,5,70.23
2,1,256,17,66.27,0.6263,0.5801,0,48,1,64.09
4,2,154,9,74.25,0.7691,0.9994,1,66,4,75.38
1,2,28,2,44.31,0.485,0.8798,1,160,4,51.28
2,1,228,18,49.98,0.4475,0.6349,1,52,5,54.52
1,3,164,10,67.33,0.6026,0.6041,1,103,7,61.4
4,3,140,5,64.49,0.6141,0.8013,1,163,7,64.65
2,2,201,8,49.91,0.4719,0.3585,0,351,5,39.46
1,2,71,4,61.14,0.6024,0.8787,1,156,6,64.77
4,2,270,14,55.92,0.5402,0.9539,1,266,8,59.37
3,2,143,8,63.53,0.6285,0.6105,0,302,10,63.06
2,1,248,15,0.0,0.0,0.8685,1,280,0,62.22
2,2,336,13,51.62,0.4808,0.5972,0,271,10,46.18
4,2,283,20,57.1,0.5673,0.6593,1,231,3,58.9
1,1,58,2,60.56,0.6569,0.308,0,178,3,43.99
1,1,35,2,44.73,0.4224,0.8719,1,216,8,44.0
1,1,289,15,51.72,0.4551,0.5116,1,57,9,45.81
4,3,145,10,65.16,0.5867,0.9158,1,354,7,68.84
4,3,341,27,0.0,0.0,0.8665,1,163,0,69.78
1,3,242,13,45.31,0.3878,0.9206,1,311,4,50.65
3,3,74,3,73.97,0.805,0.3529,0,53,3,58.3
3,3,157,9,79.0,0.7325,0.5946,1,143,2,67.67
1,1,147,9,42.12,0.3612,0.9717,1,320,6,44.62
3,2,246,13,0.0,0.0,0.6028,0,146,0,61.15
2,3,301,12,49.16,0.4452,0.9612,1,157,8,52.73
1,1,42,2,54.23,0.5812,0.8444,1,79,8,50.06
3,3,123,7,73.38,0.8064,0.4621,0,91,2,64.74
1,3,194,14,63.08,0.6445,0.8142,1,333,1,71.99
1,2,228,16,0.0,0.0,0.6309,0,122,0,50.97
1,1,68,4,43.4,0.3721,0.8728,1,99,3,48.99
2,1,346,19,18.13,0.1581,0.7974,0,282,5,21.22
4,2,191,12,65.87,0.7198,0.5889,1,83,4,70.98
4,2,178,10,0.0,0.0,0.3485,0,131,0,74.86
1,2,345,13,32.22,0.3135,0.4292,0,295,4,24.06
4,3,111,7,71.63,0.6315,0.9764,1,211,5,72.25
4,1,223,9,50.49,0.5495,0.638,1,49,6,51.44
4,2,304,17,68.32,0.6605,0.3878,0,40,4,56.79
2,2,80,3,66.35,0.647,0.6507,1,84,4,64.24
3,1,182,14,71.22,0.7029,0.5754,1,182,6,65.06
4,2,108,6,55.4,0.5797,0.5198,0,363,9,52.22
1,1,76,3,50.39,0.4977,0.7318,1,11,9,49.28
4,1,325,14,66.97,0.7157,0.5894,1,43,8,57.67
4,3,36,2,70.45,0.66,0.3554,0,32,6,67.71
2,1,184,12,70.15,0.6107,0.6236,1,25,4,68.07
3,3,295,16,70.47,0.7275,0.6925,1,39,3,70.63
2,1,78,3,67.71,0.7157,0.9562,1,35,8,73.91
1,1,132,8,55.9,0.58,0.5495,1,248,7,50.6
4,1,347,15,63.34,0.6588,0.8419,1,325,2,76.03
3,1,322,15,50.47,0.5384,0.8143,1,49,10,54.48
2,2,109,5,0.0,0.0,0.5832,1,280,0,50.21
4,3,264,13,0.0,0.0,0.734,1,222,0,67.46
1,2,81,3,67.6,0.7396,0.7916,0,356,7,59.8
4,2,271,14,57.52,0.6093,0.7831,0,296,1,58.77
1,1,32,2,52.42,0.4936,0.9336,1,266,8,58.55
3,3,175,12,69.15,0.62,0.5608,1,309,2,71.28
1,2,307,18,30.24,0.2766,0.51,1,236,7,27.81
4,3,85,5,61.97,0.6729,0.3302,0,69,5,47.08
4,2,27,2,0.0,0.0,0.5002,0,342,0,67.44
3,1,82,4,62.22,0.6188,0.9276,1,267,3,64.95
3,1,242,12,62.45,0.5665,0.5026,0,46,1,52.01
4,2,306,12,59.35,0.5644,0.6155,1,324,4,60.68
1,1,26,2,41.96,0.409,0.9968,1,261,1,47.86
4,1,197,12,66.1,0.5844,0.9529,1,262,1,69.67
2,3,215,9,57.27,0.524,0.9694,1,33,7,61.92
4,1,103,6,70.88,0.6796,0.9954,1,153,4,71.4
2,1,208,16,59.31,0.6267,0.6808,1,144,1,60.86
4,3,271,13,0.0,0.0,0.5677,0,167,0,78.43
2,3,251,15,64.44,0.6832,0.6622,1,245,1,62.53
2,3,113,6,47.67,0.4228,0.7775,1,163,6,46.36
1,2,30,2,44.8,0.4573,0.8201,0,115,6,48.51
4,2,238,11,65.49,0.6433,0.9179,1,320,5,68.28
1,2,159,8,58.51,0.6427,0.6169,1,39,8,55.51
2,2,28,2,0.0,0.0,0.9718,1,319,0,48.74
4,3,67,2,59.42,0.6464,0.6571,1,359,5,54.65
3,2,281,14,54.45,0.5309,0.6273,1,233,7,53.73
1,1,294,19,23.6,0.2448,0.7008,0,102,2,28.62
1,3,100,5,74.33,0.7733,0.9151,1,343,1,75.85
1,2,79,4,0.0,0.0,0.5788,1,288,0,37.45
4,3,308,20,77.34,0.7395,0.6037,1,101,5,77.53
2,1,316,14,0.0,0.0,0.8386,0,146,0,59.75
2,3,64,5,52.53,0.4498,0.5555,0,19,8,54.76
1,2,124,6,0.0,0.0,0.8426,1,26,0,41.25
2,2,259,18,59.63,0.5237,0.58,1,152,4,62.05
4,2,27,2,84.41,0.7243,0.9648,1,143,9,99.67
3,1,334,22,67.34,0.599,0.5901,1,54,9,69.68
2,3,203,9,68.36,0.7477,0.7146,1,74,4,67.79
4,2,194,8,64.11,0.5936,0.7941,1,145,7,58.44
3,1,304,17,0.0,0.0,0.7476,1,196,0,60.69
4,1,77,3,74.87,0.7478,0.7244,0,200,2,70.22
2,3,41,2,34.05,0.3086,0.6742,1,108,8,32.38
2,1,150,9,0.0,0.0,0.5058,0,343,0,65.34
3,2,341,14,65.39,0.7175,0.8981,1,359,3,69.9
4,3,283,12,67.01,0.674,0.6228,1,93,8,70.01
3,1,243,17,57.9,0.496,0.8702,1,340,8,62.94
3,2,71,5,77.47,0.804,0.9538,1,323,9,83.34
2,1,279,16,58.8,0.5705,0.6858,1,91,1,57.9
2,3,162,7,60.25,0.6058,0.793,1,102,9,62.92
4,2,271,16,76.27,0.6727,0.9754,1,252,6,79.38
4,2,221,16,76.54,0.7321,0.8832,1,23,2,76.43
1,3,297,12,34.72,0.3711,0.5955,1,64,5,36.72
3,2,30,2,72.09,0.6309,0.6498,1,351,4,77.71
1,3,327,18,54.77,0.5013,0.5634,1,364,2,53.77
2,1,281,14,26.8,0.2747,0.5547,1,102,4,21.31
1,2,46,2,45.99,0.4349,0.9808,1,130,10,52.38
4,2,73,4,63.23,0.6113,0.6449,1,231,9,59.97
3,1,282,12,62.61,0.6473,0.9148,1,287,5,69.2
4,3,269,19,88.88,0.8439,0.6215,0,96,2,85.58
3,2,188,8,75.28,0.7877,0.7777,1,98,1,77.97
1,3,118,7,65.84,0.6842,0.7236,1,292,10,63.37
4,1,117,5,58.33,0.6199,0.3894,0,150,1,53.32
2,3,30,2,62.95,0.5619,0.5199,1,219,9,58.19
4,1,200,8,0.0,0.0,0.6807,1,109,0,67.56
2,1,45,3,43.8,0.4396,0.7181,0,304,3,44.76
2,3,342,23,65.42,0.5703,0.6912,1,12,2,70.57
1,2,98,5,71.91,0.6179,0.7001,1,360,10,72.39
1,2,248,10,28.1,0.2889,0.5074,1,176,6,27.93
2,2,71,3,63.06,0.6399,0.8366,1,115,6,69.22
4,1,31,2,62.96,0.687,0.9693,1,60,9,74.97
4,2,84,3,76.93,0.7424,0.8292,1,208,3,68.45
4,1,241,10,65.5,0.5862,0.9094,1,229,3,62.16
1,2,286,14,0.0,0.0,0.9179,1,263,0,51.57
2,1,111,7,52.15,0.5013,0.6337,1,264,3,51.95
4,2,125,6,70.06,0.7288,0.4974,0,160,6,63.76
3,3,95,5,78.98,0.6795,0.5865,1,274,9,67.0
1,3,31,2,0.0,0.0,0.6136,1,182,0,56.2
3,1,71,4,55.68,0.5572,0.5163,1,122,4,57.58
4,3,50,3,85.0,0.8574,0.6468,1,243,10,75.39
3,2,133,7,64.11,0.6656,0.9815,1,189,6,67.91
4,2,92,4,75.22,0.7813,0.9623,1,44,6,78.8
1,3,215,9,48.06,0.4264,0.8479,1,305,9,50.22
1,1,45,2,42.34,0.4489,0.5102,1,130,10,34.75
4,1,197,8,72.63,0.7835,0.6228,1,23,3,65.15
4,2,36,2,57.61,0.5906,0.5601,1,79,7,57.99
4,2,319,15,67.72,0.6521,0.7155,1,121,1,65.48
3,3,223,12,48.76,0.4843,0.6739,0,96,3,46.83
4,2,37,2,61.7,0.6553,0.8184,1,302,5,58.17
2,1,55,3,51.21,0.4894,0.5389,1,215,8,49.28
4,2,130,9,0.0,0.0,0.7011,1,93,0,56.76
1,2,123,5,29.57,0.289,0.8365,1,300,9,30.53
2,2,190,7,62.03,0.647,0.3497,0,13,3,42.59
3,3,159,11,63.38,0.6525,0.8435,1,350,9,69.36
2,1,192,12,44.5,0.4452,0.4553,0,299,10,37.86
1,2,331,23,39.47,0.3543,0.9981,1,281,9,52.73
2,2,167,8,69.36,0.7303,0.8914,1,365,3,64.7
4,3,300,22,49.9,0.4724,0.8204,1,349,7,60.12
2,3,295,15,0.0,0.0,0.6578,0,139,0,74.53
2,3,127,5,0.0,0.0,0.3299,0,316,0,37.97
2,2,49,3,52.99,0.5338,0.6523,0,43,8,47.94
2,3,237,12,63.63,0.5884,0.8761,1,25,10,62.3
1,2,321,13,62.49,0.5599,0.8157,1,55,9,63.83
4,3,82,3,78.02,0.7553,0.5078,1,26,6,68.12
2,1,54,2,53.83,0.5913,0.8363,1,145,2,52.0
4,3,119,5,84.51,0.9032,0.5406,1,15,5,75.01
3,3,108,5,70.05,0.633,0.7928,1,89,5,74.46
2,1,118,6,43.54,0.4589,0.625,1,202,4,41.82
4,1,149,8,79.33,0.8417,0.6542,1,190,2,71.94
4,2,281,12,82.33,0.8601,0.5081,1,134,8,69.12
4,3,286,14,80.11,0.7515,0.7259,1,265,1,75.11
4,2,102,4,77.08,0.7329,0.8877,1,280,2,79.31
4,2,322,20,65.4,0.7141,0.8333,1,99,7,70.11
3,1,334,17,64.62,0.6494,0.5293,0,47,2,60.44
4,3,201,11,66.55,0.7168,0.8287,1,89,9,64.51
2,1,189,8,46.1,0.4512,0.7255,1,105,7,40.21
3,2,155,8,0.0,0.0,0.9335,1,138,0,73.29
2,1,122,4,50.91,0.4435,0.7012,1,25,9,45.43
3,1,263,10,64.39,0.6993,0.6525,1,343,2,54.22
2,1,313,24,55.82,0.491,0.7463,0,263,4,57.8
4,1,41,2,74.87,0.7621,0.8711,1,351,8,80.45
2,2,102,8,60.78,0.5521,0.5155,1,258,2,65.31
1,3,158,8,42.5,0.4217,0.8884,1,27,9,53.47
3,2,68,3,45.94,0.4187,0.7243,1,219,5,38.73
4,3,195,7,81.49,0.8419,0.6452,1,13,2,71.34
3,1,156,11,57.91,0.5383,0.8283,1,256,2,62.95
4,1,31,2,52.53,0.4561,0.6748,1,125,7,56.51
4,1,116,4,57.12,0.5848,0.8721,1,308,2,60.16
2,3,272,18,59.95,0.5372,0.9982,1,150,7,66.25
4,2,163,8,0.0,0.0,0.9794,1,222,0,74.47
2,1,27,2,51.28,0.4889,0.7164,0,46,7,52.73
3,1,272,12,51.58,0.4832,0.6918,1,140,10,51.88
1,3,206,11,51.52,0.4825,0.8645,1,58,5,53.82
3,2,342,19,79.44,0.8584,0.5705,0,252,5,80.51
1,1,31,2,48.35,0.5189,0.452,0,19,5,42.19
2,1,66,2,0.0,0.0,0.7943,1,211,0,49.5
1,1,288,17,19.54,0.1797,0.8719,1,347,8,25.01
4,3,189,13,67.28,0.5871,0.6412,1,233,5,67.78
2,3,146,8,52.82,0.474,0.65,1,20,6,51.31
1,2,334,17,0.0,0.0,0.5205,1,357,0,33.36
1,3,347,14,48.41,0.5163,0.4098,0,84,4,40.71
1,2,300,19,35.97,0.3777,0.662,0,67,5,35.19
4,1,106,7,68.06,0.617,0.8391,1,253,5,67.27
3,2,270,12,0.0,0.0,0.8394,1,357,0,68.28
2,1,252,11,28.21,0.2833,0.6219,1,149,4,26.25
4,2,92,3,61.87,0.5643,0.7881,1,11,2,60.44
2,3,221,17,77.04,0.7485,0.7242,1,120,8,82.63
4,3,51,2,0.0,0.0,0.6194,1,14,0,63.65
3,1,69,3,71.57,0.656,0.5998,0,71,6,66.3
1,3,85,3,0.0,0.0,0.6186,1,24,0,48.32
3,2,105,5,68.83,0.7048,0.9287,1,304,7,67.6
2,2,298,16,70.77,0.7542,0.9586,1,262,2,79.57
3,2,347,17,64.0,0.6331,0.8467,1,178,2,64.84
2,3,347,17,71.77,0.7168,0.6752,1,118,8,67.11
3,2,228,9,85.22,0.8705,0.5713,0,263,2,73.21
1,2,145,5,42.06,0.3683,0.5698,1,287,6,35.04
3,2,103,4,72.55,0.7617,0.5772,0,23,6,64.12
1,2,59,3,63.56,0.6556,0.7116,1,58,10,63.12
4,3,56,3,74.12,0.6755,0.7212,1,145,2,75.49
1,3,212,14,48.77,0.5135,0.9938,1,249,10,52.3
4,1,318,13,62.45,0.6303,0.7174,1,163,1,52.07
4,3,88,4,77.78,0.8325,0.7474,1,331,3,73.46
1,2,264,20,55.15,0.5645,0.9006,1,55,2,52.63
3,1,76,3,62.23,0.5329,0.7444,1,121,2,66.08
4,1,93,6,76.99,0.8216,0.6611,1,93,6,78.37
4,2,120,7,66.8,0.6469,0.8132,0,91,7,65.25
3,3,97,7,76.84,0.6712,0.5001,1,226,3,74.81
2,1,167,10,48.32,0.5269,0.5353,1,312,3,39.87
1,3,272,16,51.3,0.4705,0.9483,1,39,5,52.52
4,2,343,26,62.83,0.6847,0.3021,0,211,8,57.44
2,3,104,7,39.08,0.3469,0.5472,0,249,6,32.42
2,1,284,13,0.0,0.0,0.7009,1,162,0,57.28
4,1,131,6,0.0,0.0,0.7387,0,181,0,67.95
3,1,94,4,43.07,0.4445,0.5601,0,162,1,39.25
4,2,34,2,57.89,0.5653,0.7101,1,200,6,63.23
1,2,45,2,50.14,0.4501,0.9911,1,334,6,58.35
4,2,235,10,55.72,0.5565,0.6044,1,277,4,52.23
2,3,273,12,47.89,0.4919,0.7991,1,49,8,50.05
4,1,326,15,81.26,0.748,0.8309,1,83,5,81.41
4,2,138,5,71.42,0.7665,0.3555,0,290,4,52.02
1,3,78,4,34.86,0.3182,0.3403,0,360,4,26.3
4,2,108,7,54.03,0.5695,0.8516,1,165,3,67.72
2,2,228,10,52.36,0.5123,0.5707,1,75,8,46.73
2,2,272,21,43.08,0.425,0.5337,1,277,10,48.63
2,3,155,7,57.98,0.6348,0.9862,1,148,5,66.33
4,1,244,11,60.69,0.5568,0.6934,1,357,9,52.08
4,1,128,7,65.99,0.6556,0.346,0,215,1,55.93
2,1,188,8,60.46,0.5905,0.6653,1,350,10,64.35
3,2,208,8,66.49,0.6075,0.5029,1,36,5,60.01
4,3,237,10,65.76,0.6068,0.3392,0,205,2,52.2
2,1,156,6,63.24,0.6342,0.5025,1,113,4,55.78
2,3,243,19,51.54,0.5459,0.9336,1,42,3,49.1
4,1,48,2,71.77,0.7745,0.7056,1,98,4,66.29
1,3,338,15,51.68,0.4432,0.9363,1,45,3,54.8
1,3,246,12,61.91,0.6569,0.7879,1,259,9,65.83
2,2,162,12,55.6,0.5267,0.5066,1,172,5,56.64
3,2,276,17,61.03,0.5678,0.9767,1,303,8,67.04
3,3,346,15,0.0,0.0,0.8404,0,10,0,73.46
2,3,47,2,49.69,0.4663,0.9875,1,81,1,52.94
1,2,122,5,59.8,0.6195,0.7356,1,282,2,57.77
4,2,83,4,69.16,0.6767,0.6337,1,361,1,63.16
1,3,292,13,53.43,0.5398,0.8482,1,151,2,50.92
1,3,137,9,46.7,0.4006,0.8613,1,202,6,49.33
2,2,240,10,43.3,0.46,0.8499,1,206,4,41.71
4,1,69,4,64.88,0.7012,0.5452,1,286,8,60.55
2,2,210,9,53.3,0.5321,0.5312,0,88,9,51.92
2,1,267,19,46.5,0.4536,0.9903,1,97,9,54.77
1,1,244,15,66.66,0.6712,0.8355,1,292,4,63.84
3,2,157,12,75.38,0.72,0.6013,1,278,7,82.57
1,2,132,7,58.22,0.5668,0.6196,0,199,1,56.18
4,1,283,18,61.03,0.5864,0.3126,0,89,8,56.22
4,1,102,6,60.92,0.6604,0.8013,1,333,6,62.11
3,3,304,22,87.07,0.8809,0.8218,1,345,9,90.02
2,1,275,22,40.29,0.4397,0.3651,0,242,6,42.47
2,1,309,22,45.96,0.4604,0.4512,0,271,8,38.15
3,3,257,10,52.71,0.5127,0.8071,1,275,3,51.5
2,1,31,2,49.76,0.4524,0.3939,0,346,7,42.62
3,2,199,9,63.94,0.6516,0.3698,0,57,10,50.2
4,3,138,7,54.07,0.4952,0.9909,1,285,4,64.35
3,1,182,7,0.0,0.0,0.8508,1,88,0,90.74
3,1,126,7,56.26,0.5336,0.7669,1,48,7,57.94
1,3,255,12,29.89,0.258,0.6161,1,164,8,31.98
3,2,287,18,60.34,0.5571,0.9948,1,226,6,63.68
4,2,136,5,69.35,0.6448,0.5742,0,348,9,63.83
4,2,256,12,67.24,0.5963,0.5522,1,211,2,62.49
2,3,70,4,71.55,0.7731,0.8213,1,126,5,73.75
4,3,215,16,75.34,0.687,0.6945,1,248,5,77.34
2,2,266,12,58.31,0.5214,0.7087,0,303,6,51.55
1,3,274,17,60.27,0.5127,0.3889,0,94,9,53.45
1,3,307,23,41.99,0.4505,0.7333,0,163,4,48.62
4,3,54,2,64.28,0.6246,0.5129,1,75,4,54.62
2,3,148,6,0.0,0.0,0.7124,1,334,0,47.24
3,3,324,19,81.77,0.7189,0.7078,1,241,2,77.12
4,2,236,13,89.68,0.9297,0.6389,1,26,1,80.07
2,1,137,8,66.7,0.6577,0.8437,0,234,9,70.25
4,2,208,10,0.0,0.0,0.7753,0,324,0,69.14
3,2,231,17,70.05,0.6384,0.5313,1,165,4,68.27
4,2,217,9,66.07,0.6524,0.7134,0,204,1,62.78
3,3,220,9,74.3,0.6609,0.6769,0,202,10,75.57
3,1,135,5,60.68,0.5648,0.8715,1,181,8,57.45
2,2,172,7,72.49,0.6416,0.768,1,303,4,67.56
1,2,144,11,42.85,0.3938,0.8479,1,201,5,47.41
2,1,208,15,41.45,0.4068,0.9119,1,119,4,44.52
1,1,32,2,45.52,0.4147,0.7177,1,58,4,45.54
3,3,51,3,63.06,0.5852,0.6623,1,43,8,64.25
3,1,112,5,0.0,0.0,0.7743,1,290,0,52.16
4,1,348,18,77.41,0.7162,0.7271,1,37,6,72.18
1,1,244,10,56.19,0.579,0.6316,1,110,10,58.28
1,2,52,3,57.41,0.55,0.8235,1,181,8,60.38
3,1,111,7,66.38,0.5688,0.5183,1,171,1,63.98
1,2,97,7,49.93,0.4773,0.7668,0,275,6,50.76
2,2,44,3,61.55,0.5433,0.5236,1,203,5,68.72
2,3,339,15,84.27,0.7403,0.5938,0,117,1,77.99
2,3,114,6,52.65,0.5524,0.7031,0,140,8,61.45
3,2,135,8,57.68,0.548,0.649,1,236,8,58.71
3,3,287,16,66.45,0.6861,0.6783,1,233,3,72.18
4,3,149,9,61.0,0.6024,0.5887,1,251,9,63.85
1,2,115,4,38.03,0.4038,0.882,1,209,6,42.17
2,2,286,22,50.69,0.4836,0.56,0,199,6,54.64
3,1,172,7,72.83,0.7501,0.669,1,297,4,66.41
4,1,320,16,55.83,0.5789,0.4114,0,208,5,47.6
3,1,198,10,54.12,0.5544,0.5983,1,330,2,48.84
2,2,171,9,64.7,0.6308,0.8344,1,23,5,59.56
2,2,314,17,58.89,0.6315,0.8286,1,222,10,65.72
1,2,281,21,54.59,0.5864,0.5984,1,246,6,60.23
4,1,267,19,0.0,0.0,0.583,1,12,0,69.57
4,2,308,12,0.0,0.0,0.57,1,150,0,61.16
1,2,228,10,48.58,0.4666,0.6533,0,83,9,37.53
2,2,232,15,56.91,0.5688,0.874,1,309,3,66.38
3,1,135,7,50.65,0.4407,0.5908,1,221,9,54.96
4,3,342,19,75.27,0.6446,0.7754,1,121,10,71.89
1,1,224,16,59.3,0.5209,0.6234,1,318,5,55.13
3,3,66,4,50.45,0.4632,0.7381,1,350,3,50.49
2,3,165,8,61.52,0.6068,0.5443,1,41,1,64.03
1,2,62,2,42.6,0.3718,0.9877,1,306,8,42.21
1,1,49,2,35.48,0.3825,0.609,0,223,10,27.6
4,1,41,2,61.11,0.6533,0.6232,1,83,1,61.5
2,2,281,11,67.62,0.6011,0.4756,0,48,5,61.81
4,1,74,4,55.79,0.4881,0.6911,1,50,9,55.84
1,2,84,5,61.51,0.6277,0.9085,1,79,2,64.16
3,2,291,15,64.21,0.56,0.3729,0,283,10,50.99
3,1,273,11,63.97,0.6988,0.755,1,261,1,57.61
4,2,61,4,70.48,0.6057,0.6508,1,66,1,69.84
3,1,152,7,47.21,0.4103,0.806,0,121,1,54.69
3,1,119,6,53.41,0.5271,0.6686,1,175,6,52.44
3,1,26,2,69.31,0.6004,0.7919,1,315,5,80.62
3,3,243,14,47.05,0.4595,0.7989,1,39,4,51.2
3,2,256,15,68.72,0.6467,0.9433,1,104,10,71.25
4,3,224,12,65.29,0.6139,0.6295,1,14,10,60.06
1,2,165,12,61.58,0.6019,0.7105,1,102,3,60.15
3,1,77,3,0.0,0.0,0.9902,1,220,0,61.54
4,3,76,4,58.91,0.5214,0.5843,1,266,8,57.8
2,1,142,10,48.87,0.4501,0.7355,1,89,2,54.34
2,2,177,14,68.83,0.601,0.7771,1,241,4,72.52
3,1,84,3,52.78,0.5734,0.6593,1,236,5,45.38
2,1,92,3,0.0,0.0,0.7183,1,70,0,44.45
3,2,262,13,0.0,0.0,0.5972,0,47,0,57.42
1,2,193,12,59.59,0.5979,0.5631,1,271,1,56.86
3,2,265,13,58.8,0.5187,0.3468,0,271,7,57.43
2,1,279,11,44.4,0.4487,0.8368,1,126,8,37.49
1,3,99,7,47.28,0.4544,0.9519,1,216,10,52.86
1,2,201,8,49.56,0.4946,0.8841,1,288,5,53.67
1,2,333,13,38.11,0.3582,0.6343,0,288,9,31.01
4,1,223,13,62.29,0.567,0.6367,1,237,7,60.03
3,1,252,14,52.25,0.4832,0.5293,1,193,3,53.47
2,3,270,12,66.24,0.6647,0.9244,1,161,9,68.22
4,1,190,8,0.0,0.0,0.8377,1,133,0,73.18
2,1,179,9,0.0,0.0,0.7272,1,74,0,27.77
3,1,228,11,68.28,0.6285,0.9641,1,206,5,73.66
2,2,108,6,45.47,0.4379,0.7196,0,123,5,42.31
3,3,332,21,66.05,0.6146,0.9052,1,278,2,64.51
4,1,96,4,66.68,0.5975,0.8086,1,56,6,64.69
3,1,332,24,63.46,0.613,0.5884,1,71,2,62.65
3,3,232,13,70.41,0.6821,0.5025,1,123,3,71.36
1,1,87,3,44.11,0.4336,0.6791,1,104,9,40.77
2,1,49,3,42.21,0.4267,0.6404,0,260,3,37.55
1,1,54,2,40.38,0.3867,0.5921,1,184,2,31.29
4,3,277,21,66.85,0.6274,0.5012,1,240,5,63.4
2,1,25,2,42.61,0.3768,0.8293,0,343,5,38.81
4,2,63,4,74.58,0.6879,0.9189,1,237,6,87.25
3,2,125,6,72.64,0.7943,0.7104,1,229,1,66.23
3,1,239,18,0.0,0.0,0.5801,1,54,0,57.45
3,2,62,2,55.29,0.4783,0.3381,0,68,9,39.54
4,1,222,11,69.12,0.6301,0.6762,0,73,7,65.14
3,3,218,9,84.84,0.874,0.6838,1,122,8,79.64
3,1,335,20,0.0,0.0,0.8164,0,135,0,56.37
2,3,300,15,65.97,0.5728,0.5405,0,316,2,54.16
4,2,270,12,65.46,0.6732,0.6625,0,113,8,63.36
3,3,61,2,66.55,0.5889,0.7284,0,351,5,53.5
1,2,244,14,49.32,0.4724,0.9384,1,198,2,57.36
2,2,186,7,68.74,0.6683,0.8363,1,170,3,62.06
4,3,295,16,65.72,0.6553,0.4533,0,305,4,57.9
1,1,182,10,50.04,0.4977,0.7094,1,206,2,60.43
3,1,240,10,73.66,0.7873,0.5897,1,128,7,66.18
4,3,135,8,62.12,0.6174,0.9343,1,346,4,65.85
3,1,174,7,73.88,0.7296,0.9675,1,352,7,73.33
3,2,315,17,57.07,0.5266,0.7295,1,114,2,65.31
2,3,174,9,52.33,0.5548,0.9737,1,134,10,59.57
2,3,53,2,67.71,0.6423,0.8649,1,16,4,74.06
4,1,96,4,62.71,0.5999,0.337,0,80,8,55.51
1,1,290,18,37.95,0.3959,0.6018,1,118,4,38.43
4,2,285,20,62.45,0.6253,0.87,1,53,8,68.43
3,3,154,7,67.13,0.6712,0.842,0,224,4,58.81
3,3,121,8,64.81,0.6108,0.954,1,120,9,67.37
1,1,80,3,54.92,0.5749,0.8455,1,338,4,59.69
1,3,293,13,55.0,0.5554,0.5179,1,140,9,49.79
1,2,148,11,42.6,0.3702,0.4816,0,277,6,44.34
1,2,183,10,42.14,0.4115,0.6435,0,16,5,41.55
3,2,169,9,73.11,0.6693,0.8099,0,29,7,68.26
2,2,232,9,52.44,0.5367,0.6021,1,62,8,49.2
4,2,289,11,76.94,0.813,0.6781,1,276,1,73.7
2,3,268,11,66.02,0.7039,0.9895,1,116,5,65.29
1,3,203,11,56.14,0.5119,0.9937,1,306,7,58.41
2,2,97,7,65.5,0.6116,0.6747,0,286,7,67.27
4,3,273,13,66.97,0.6031,0.5835,0,114,3,57.31
2,2,245,12,70.51,0.6384,0.819,1,41,10,68.88
3,2,243,18,75.01,0.791,0.5038,1,298,3,71.21
4,1,258,11,69.13,0.6836,0.5835,1,257,3,68.76
1,1,281,17,38.92,0.3943,0.5992,1,318,5,39.28
1,1,62,4,41.53,0.4274,0.5967,1,355,2,39.96
1,2,272,11,51.98,0.5403,0.8919,1,228,10,57.2
1,3,80,4,35.23,0.3378,0.7013,1,243,9,35.09
4,3,145,9,80.02,0.7535,0.7533,0,154,4,77.8
2,3,125,5,52.37,0.4713,0.5636,1,55,9,39.22
2,3,31,2,48.24,0.4394,0.3627,0,262,5,38.5
1,1,74,5,50.63,0.5201,0.7095,1,25,6,51.15
3,3,317,14,66.48,0.6209,0.7782,1,114,10,70.2
2,2,130,7,58.97,0.5897,0.6138,0,251,1,47.06
4,1,283,11,56.23,0.5948,0.5115,1,116,10,52.97
1,2,233,13,34.35,0.3589,0.5161,0,180,2,32.35
2,3,280,13,87.17,0.8912,0.8289,1,20,4,83.63
4,3,218,9,79.14,0.6897,0.7211,0,153,5,75.68
1,2,128,5,54.7,0.497,0.9225,1,121,10,54.75
4,3,127,5,59.65,0.6423,0.3207,0,36,1,47.05
2,1,308,17,47.57,0.4412,0.9836,1,98,1,47.18
2,2,196,10,49.72,0.5166,0.5253,1,127,9,49.66
2,3,252,14,60.53,0.5403,0.5124,1,52,1,59.83
2,1,59,3,41.64,0.3855,0.8487,1,141,9,46.66
3,3,137,10,55.36,0.5464,0.7289,0,135,1,55.56
1,3,334,18,34.03,0.314,0.6067,0,73,8,27.88
4,3,144,7,67.56,0.5791,0.7028,1,258,6,63.53
4,2,278,15,66.68,0.6765,0.9791,1,219,2,76.26
3,1,69,3,62.36,0.5553,0.5859,1,91,6,50.9
2,2,288,23,48.77,0.4691,0.9748,1,176,3,58.94
1,2,174,8,64.24,0.5631,0.8112,1,255,3,59.76
4,1,278,16,0.0,0.0,0.594,1,295,0,49.2
3,3,62,2,58.94,0.5193,0.946,1,208,4,58.56
2,3,60,2,58.37,0.5476,0.9007,1,283,2,59.13
4,1,182,9,0.0,0.0,0.6583,0,32,0,47.5
1,3,329,15,42.94,0.4211,0.9176,1,261,2,44.58
1,3,144,7,60.96,0.5336,0.6699,1,16,2,58.5
1,3,43,2,31.07,0.3085,0.7008,1,339,2,28.4
2,1,141,6,40.44,0.4078,0.3925,0,31,6,29.54
1,2,94,4,47.85,0.5149,0.7117,1,142,2,44.93
3,1,265,10,49.26,0.5183,0.8909,1,57,10,50.84
3,2,330,19,60.06,0.6124,0.6279,1,204,6,52.82
2,2,180,11,53.9,0.467,0.7146,1,291,5,57.74
4,2,162,8,75.12,0.744,0.8307,1,190,4,73.17
2,2,278,18,39.81,0.3623,0.6646,0,245,6,33.95
4,2,285,12,69.25,0.6308,0.8252,1,322,4,65.08
3,2,149,6,68.07,0.7261,0.3131,0,166,6,52.86
3,1,330,23,57.49,0.5463,0.7525,0,36,4,53.08
2,3,48,2,61.2,0.659,0.7951,1,148,7,66.0
3,3,148,7,0.0,0.0,0.3757,0,296,0,45.15
3,1,350,29,58.26,0.4986,0.6093,0,169,5,56.86
1,1,262,13,49.56,0.5234,0.8102,1,179,10,47.19
2,1,76,5,47.86,0.4854,0.6374,1,95,3,49.48
4,2,101,5,70.36,0.7155,0.3281,0,196,10,62.99
4,1,204,12,54.86,0.5973,0.8783,1,30,5,60.74
1,3,143,8,22.13,0.205,0.6563,1,360,1,27.32
2,3,238,17,56.04,0.5526,0.5506,0,136,2,50.36
2,1,187,8,62.12,0.6464,0.8805,1,141,5,58.87
1,1,156,8,43.85,0.4796,0.6961,1,17,8,35.98
4,3,144,11,63.63,0.5783,0.668,1,47,6,71.55
4,3,196,15,69.55,0.7165,0.7699,1,74,5,78.38
4,2,141,6,75.92,0.6862,0.9139,1,281,1,70.23
1,2,71,3,28.83,0.256,0.6343,0,134,10,21.17
2,3,114,5,66.36,0.6422,0.7208,1,248,3,65.33
2,3,194,12,0.0,0.0,0.8144,1,109,0,56.32
1,3,178,11,53.59,0.5055,0.5423,1,29,9,49.24
4,2,85,4,54.77,0.5591,0.6702,0,249,1,55.62
2,2,57,2,68.75,0.7317,0.9209,1,82,3,72.44
1,3,282,15,49.13,0.4851,0.9499,1,174,9,54.4
4,1,272,20,0.0,0.0,0.7824,1,359,0,62.76
4,2,202,8,80.38,0.8522,0.7749,0,38,9,77.32
1,1,28,2,47.94,0.4367,0.8065,1,119,10,59.57
3,3,329,20,66.78,0.6432,0.6189,1,34,6,64.05
2,2,233,11,67.15,0.5823,0.5731,1,227,7,61.47
1,1,306,14,53.89,0.4813,0.7127,0,61,7,50.08
1,1,304,18,57.42,0.5825,0.7379,0,98,2,55.34
1,3,64,2,43.41,0.4109,0.7289,0,220,10,43.37
2,3,314,15,86.26,0.8365,0.5092,0,16,10,78.65
4,3,273,15,60.25,0.519,0.3712,0,141,2,51.62
1,2,29,2,45.65,0.4875,0.6598,0,282,6,49.71
3,1,295,17,68.96,0.7383,0.5403,1,145,1,64.55
3,2,240,12,54.77,0.5189,0.4023,0,229,2,45.83
4,1,84,4,71.09,0.6933,0.5707,1,227,10,65.03
1,1,230,10,59.87,0.5416,0.4999,0,116,6,48.42
4,1,293,16,78.78,0.8318,0.7012,0,121,4,69.76
3,3,219,8,47.77,0.4516,0.6024,1,121,4,46.72
1,2,259,14,54.26,0.554,0.669,0,201,1,53.81
1,3,228,9,66.89,0.6124,0.4376,0,170,6,63.89
4,3,286,12,0.0,0.0,0.6032,0,128,0,72.87
1,1,333,13,47.12,0.4478,0.7636,0,186,3,40.8
2,3,329,24,60.97,0.5767,0.6401,1,32,10,66.28
3,1,99,5,54.06,0.5329,0.5825,0,153,1,41.41
1,1,299,22,48.37,0.49,0.7402,1,356,9,42.83
4,3,291,14,56.59,0.5485,0.8072,1,329,9,57.82
2,1,276,20,41.16,0.3844,0.7584,1,58,4,45.6
1,1,348,15,35.92,0.3418,0.8462,0,112,5,35.17
4,2,205,11,65.89,0.5771,0.8044,1,121,2,61.74
4,3,133,7,68.8,0.6963,0.5268,1,281,9,67.06
1,1,131,6,0.0,0.0,0.713,1,262,0,39.3
2,1,224,15,62.72,0.6645,0.6377,0,279,3,63.55
3,2,48,2,48.64,0.5149,0.6699,0,317,9,44.47
3,3,140,8,80.12,0.728,0.793,1,73,6,74.73
2,2,136,6,62.18,0.5512,0.9805,1,185,2,77.84
1,3,119,7,57.51,0.6187,0.916,1,225,1,60.36
2,1,121,7,0.0,0.0,0.5981,0,129,0,50.22
3,2,309,20,73.51,0.6421,0.888,1,318,3,74.87
4,3,229,12,88.36,0.8948,0.8308,1,195,5,85.1
4,1,41,2,45.97,0.4603,0.3592,0,257,9,35.42
3,3,72,4,63.04,0.5699,0.5961,1,229,8,59.51
4,1,270,13,61.51,0.6727,0.5901,1,77,4,54.72
3,1,340,18,50.84,0.5178,0.7034,0,232,3,47.54
3,2,303,22,66.76,0.6159,0.7184,0,293,4,70.74
1,1,168,11,45.61,0.4378,0.9472,1,56,5,48.76
1,3,58,2,45.74,0.502,0.7415,0,155,6,47.38
2,3,301,15,69.25,0.644,0.5671,1,176,1,61.24
1,3,116,6,48.29,0.4911,0.5353,1,339,1,46.14
3,1,320,16,80.08,0.7291,0.6908,1,308,2,75.54
4,3,202,13,76.71,0.7256,0.5464,1,43,8,70.13
2,3,33,2,50.4,0.4638,0.5744,1,11,3,44.4
4,2,121,7,60.69,0.5465,0.7587,1,319,3,64.99
2,2,214,16,55.1,0.5034,0.5391,0,195,8,61.87
3,1,115,6,64.98,0.7058,0.6718,1,240,9,59.96
1,3,202,14,53.95,0.5674,0.8044,1,255,8,55.51
1,1,334,14,23.42,0.2157,0.6305,0,250,6,19.32
4,1,306,16,0.0,0.0,0.6256,0,311,0,61.79
4,1,165,6,63.75,0.6241,0.725,1,285,9,59.34
3,2,259,12,78.78,0.674,0.9276,1,309,10,88.06
4,1,66,5,70.59,0.768,0.9727,1,62,3,75.53
3,2,246,11,0.0,0.0,0.5383,1,268,0,52.7
4,1,174,11,57.7,0.5165,0.6037,1,198,10,55.05
4,3,289,17,60.48,0.6117,0.7043,1,305,4,70.18
2,2,160,6,55.65,0.5335,0.8515,1,310,8,57.01
4,1,178,7,63.83,0.6515,0.478,0,261,2,67.1
4,3,179,9,79.57,0.8015,0.6247,1,341,1,74.81
4,3,51,2,75.18,0.6426,0.5109,1,50,3,72.31
2,2,195,14,45.62,0.4617,0.4617,0,267,9,43.72
4,2,204,10,70.19,0.6541,0.8199,0,226,7,69.31
2,2,346,17,57.23,0.5593,0.8736,1,135,6,58.3
2,1,138,8,57.83,0.6133,0.7242,1,122,10,62.59
1,2,261,14,52.63,0.4701,0.568,1,135,6,48.78
3,3,46,2,69.68,0.7341,0.7479,1,201,8,63.68
3,3,171,7,69.17,0.6119,0.5951,1,245,5,64.91
1,1,268,15,19.64,0.18,0.8271,0,255,6,21.44
4,2,252,15,69.62,0.6071,0.7356,1,116,4,67.78
1,1,48,2,38.34,0.3616,0.7531,1,133,4,31.19
3,3,195,9,70.2,0.6608,0.5901,1,112,6,65.89
4,2,41,2,67.94,0.5837,0.9277,1,302,10,64.23
1,1,182,9,53.92,0.5071,0.5393,1,362,10,49.67
4,2,66,5,59.75,0.54,0.8938,1,151,1,64.5
4,2,265,14,84.08,0.822,0.7042,1,259,1,80.68
4,3,323,18,61.81,0.5846,0.8541,1,18,10,61.46
3,3,332,16,0.0,0.0,0.8094,1,151,0,76.29
2,3,117,6,62.36,0.6075,0.9277,1,171,2,63.82
2,3,298,17,70.36,0.6099,0.766,1,202,2,71.62
1,2,149,10,38.76,0.4106,0.8666,1,266,9,42.14
3,2,90,7,67.32,0.575,0.9369,1,95,5,74.78
2,3,207,8,51.61,0.5569,0.8774,1,218,8,45.55
4,2,179,13,89.47,0.7776,0.5043,1,191,1,81.58
3,1,239,10,69.73,0.7348,0.9754,1,279,8,68.37
2,3,85,4,44.17,0.4645,0.6175,0,165,9,48.1
1,1,217,13,57.35,0.6079,0.5553,1,245,8,52.87
2,3,130,5,65.37,0.6802,0.7739,1,31,1,63.73
1,1,157,6,48.39,0.4427,0.991,1,98,3,50.75
3,3,262,12,81.14,0.8602,0.5508,1,42,3,70.91
3,1,71,2,55.15,0.5686,0.4372,0,180,4,46.35
2,1,57,3,0.0,0.0,0.7447,0,161,0,47.52
1,3,76,3,60.96,0.5731,0.8318,1,170,9,57.36
3,2,246,16,56.9,0.5299,0.5598,1,295,4,53.07
1,1,233,9,37.82,0.3609,0.9675,1,62,9,42.35
1,2,220,8,71.78,0.734,0.3324,0,279,6,59.61
3,1,88,5,51.11,0.4505,0.8164,1,265,2,58.0
3,3,220,9,61.24,0.6398,0.5152,1,109,9,50.43
1,3,26,2,43.6,0.4398,0.9736,1,190,9,56.9
4,1,258,20,59.26,0.5271,0.8281,0,348,3,59.96
3,3,277,12,72.87,0.7905,0.4923,0,161,4,60.07
3,1,194,9,67.14,0.7192,0.5115,1,85,8,71.34
4,1,219,17,64.66,0.6841,0.7093,1,193,8,65.27
3,2,229,10,75.62,0.8254,0.6188,0,141,9,68.37
3,2,225,9,56.97,0.5397,0.6772,1,78,4,55.03
2,3,286,16,44.76,0.4194,0.9557,1,324,6,49.16
2,2,51,2,53.09,0.5298,0.9961,1,109,2,54.13
4,1,326,20,69.59,0.7486,0.6176,0,17,7,67.87
3,1,156,6,48.49,0.4512,0.3927,0,301,8,38.64
3,2,87,5,80.37,0.83,0.6167,1,235,9,79.17
3,1,234,12,70.53,0.728,0.7016,0,262,10,67.26
1,3,289,16,57.5,0.5647,0.9174,1,179,10,55.27
2,2,298,14,62.7,0.6171,0.7202,0,279,2,61.34
2,1,248,10,54.62,0.511,0.649,1,226,8,46.15
4,3,34,2,71.09,0.6432,0.867,1,304,6,81.89
3,3,143,8,62.77,0.5463,0.9486,1,360,3,68.43
2,3,343,18,46.31,0.4037,0.8529,1,159,8,41.49
4,3,244,13,77.1,0.817,0.895,1,326,1,81.39
2,2,338,19,60.56,0.6119,0.5558,1,216,5,57.26
4,3,29,2,0.0,0.0,0.6033,1,268,0,66.28
2,1,123,5,51.59,0.5364,0.7377,1,337,1,56.57
2,1,293,18,69.86,0.7286,0.7398,1,220,8,68.73
1,3,248,12,0.0,0.0,0.9022,1,269,0,37.93
1,2,178,9,57.46,0.6088,0.6096,1,133,1,49.53
4,2,273,20,78.69,0.8421,0.7929,1,211,5,86.44
1,3,161,6,57.95,0.5843,0.3748,0,332,6,47.74
3,3,318,24,69.1,0.7291,0.7222,1,330,9,68.75
2,3,68,2,57.24,0.6254,0.9249,1,342,5,58.7
2,1,279,15,43.23,0.3846,0.4429,0,320,5,36.85
3,2,172,7,0.0,0.0,0.8048,1,21,0,54.75
4,2,313,14,85.22,0.8537,0.5658,0,199,1,81.55
3,2,74,3,70.44,0.7172,0.6378,1,287,9,63.46
2,3,289,13,50.52,0.5131,0.72,1,232,5,49.5
1,2,34,2,64.57,0.677,0.7594,0,123,4,62.1
4,3,197,8,64.82,0.5793,0.3015,0,308,9,52.21
1,2,232,9,64.07,0.5783,0.7333,1,36,3,63.6
1,1,154,8,55.1,0.5739,0.6314,1,349,3,58.54
3,3,299,16,71.9,0.7841,0.6273,1,124,2,73.88
3,2,274,17,50.37,0.4954,0.687,1,119,6,51.56
2,1,299,17,44.76,0.4672,0.8929,1,186,5,49.5
4,3,210,8,55.42,0.5616,0.5777,1,281,1,53.23
1,1,235,16,36.28,0.3957,0.5009,1,19,3,28.48
4,1,252,12,73.93,0.6755,0.8347,1,260,1,70.19
2,2,88,4,24.34,0.2384,0.8164,0,200,5,25.18
4,1,336,14,66.96,0.5724,0.8079,1,25,1,65.46
1,2,43,2,40.96,0.407,0.7162,1,315,7,40.67
2,3,228,9,59.42,0.5214,0.7892,1,131,2,52.38
4,2,230,11,68.22,0.6629,0.7836,0,192,5,63.1
4,1,93,4,57.47,0.5273,0.4175,0,186,3,50.67
1,1,164,11,19.0,0.1693,0.9878,1,126,9,31.99
4,2,185,10,70.56,0.6728,0.9422,1,365,9,78.36
2,3,30,2,80.86,0.7609,0.9217,1,297,7,85.51
2,2,200,13,55.83,0.5325,0.7354,1,312,10,65.6
1,1,284,12,30.23,0.2648,0.8361,1,110,8,40.08
2,1,190,8,57.07,0.4969,0.5691,0,338,6,41.66
2,2,341,14,59.33,0.5713,0.8146,1,203,6,54.76
3,3,187,11,73.52,0.645,0.7249,0,282,1,67.9
3,1,134,7,52.65,0.538,0.4133,0,341,7,51.19
1,3,244,13,39.24,0.3862,0.931,1,51,1,44.05
2,1,63,4,65.43,0.5998,0.3536,0,104,8,60.46
4,1,30,2,46.84,0.4545,0.9601,1,249,8,55.88
1,2,272,15,48.63,0.4309,0.5013,1,225,8,48.26
4,3,119,4,71.35,0.6328,0.7618,1,274,7,71.16
3,1,281,16,62.26,0.6579,0.7647,0,345,9,64.54
3,2,177,13,69.92,0.6089,0.6949,0,360,9,68.8
1,2,153,6,41.5,0.4264,0.5077,1,162,9,33.17
2,2,330,18,0.0,0.0,0.338,0,201,0,49.01
1,1,321,18,0.0,0.0,0.5876,1,180,0,34.55
2,1,228,10,35.72,0.3887,0.5017,1,99,5,35.03
1,3,286,15,58.42,0.6197,0.5995,1,198,4,56.93
2,3,343,16,0.0,0.0,0.7243,1,177,0,57.95
1,2,218,11,51.26,0.4513,0.8672,1,165,5,55.12
1,1,303,19,46.4,0.5048,0.7411,1,306,1,48.84
1,1,333,18,42.5,0.46,0.5673,0,23,7,35.34
4,1,318,19,70.93,0.6706,0.9816,1,139,2,85.26
2,3,131,8,44.38,0.4392,0.6065,0,216,6,37.23
4,1,29,2,64.41,0.6531,0.7936,1,242,3,78.01
2,1,146,11,39.69,0.355,0.7101,1,241,3,41.86
4,2,199,14,0.0,0.0,0.6405,1,283,0,84.45
4,3,136,5,68.42,0.5849,0.6448,1,257,8,64.54
1,2,209,9,27.16,0.2854,0.5587,1,65,4,32.72
4,2,182,7,73.59,0.7025,0.7559,1,243,5,78.64
2,1,176,9,45.69,0.4962,0.8791,1,306,4,50.9
4,3,203,9,0.0,0.0,0.6895,1,312,0,70.43
4,1,136,7,61.6,0.6199,0.9416,1,243,6,61.4
4,3,130,6,71.56,0.6341,0.5576,0,104,6,69.68
4,1,68,5,56.88,0.501,0.7097,1,105,7,48.68
1,2,110,6,24.84,0.2255,0.8882,1,36,2,29.63
2,2,168,9,53.63,0.5677,0.6889,1,142,6,44.32
2,3,201,9,63.89,0.5976,0.6959,1,81,3,61.74
3,1,271,12,0.0,0.0,0.5104,0,145,0,50.54
3,2,297,16,82.56,0.8212,0.8998,1,15,5,87.18
3,1,98,5,0.0,0.0,0.9872,1,220,0,57.89
3,1,270,14,56.74,0.5604,0.7233,1,213,6,55.74
2,3,327,13,66.55,0.7183,0.7946,0,328,2,66.36
3,3,131,5,62.93,0.6391,0.736,1,278,9,60.06
4,1,64,4,63.03,0.6614,0.7496,0,252,2,58.3
4,2,145,9,72.65,0.7159,0.7355,1,19,2,68.86
2,3,274,17,81.73,0.7247,0.6868,0,11,10,79.29
1,3,212,8,56.69,0.5384,0.8098,1,347,1,58.56
3,2,237,17,59.16,0.6182,0.7029,1,358,7,68.51
4,2,142,6,77.05,0.6656,0.8835,1,159,6,73.66
2,1,31,2,23.02,0.2475,0.6081,1,283,5,24.97
1,2,157,9,55.07,0.4892,0.567,0,147,9,50.48
1,3,349,19,33.43,0.3314,0.9906,1,257,1,45.66
2,1,317,23,41.28,0.4384,0.6981,0,190,1,45.36
2,3,255,11,54.23,0.5631,0.7528,1,313,4,54.27
1,2,215,9,22.56,0.1961,0.901,1,340,1,23.11
2,1,263,16,50.49,0.5548,0.9574,1,163,7,64.3
4,1,91,5,59.87,0.5863,0.8466,1,101,1,61.66
4,3,255,16,72.87,0.7068,0.6289,1,107,10,78.38
3,1,180,8,51.39,0.5035,0.836,0,202,7,51.27
4,3,182,12,79.48,0.8415,0.7857,1,125,8,76.61
3,3,89,5,54.06,0.5762,0.8132,1,35,9,57.95
1,2,206,11,45.84,0.4088,0.8896,1,365,7,52.47
2,1,41,2,47.43,0.4305,0.5423,1,147,9,45.2
1,1,195,14,44.02,0.457,0.4003,0,169,3,39.57
1,2,240,12,0.0,0.0,0.8171,1,277,0,30.28
3,1,136,5,68.7,0.6745,0.7242,1,166,9,70.57
2,3,190,9,62.13,0.6504,0.5412,1,190,10,63.34
2,3,245,11,64.17,0.6645,0.8897,1,216,2,65.68
2,1,334,17,66.49,0.5744,0.7266,1,44,9,62.17
3,2,152,6,75.75,0.7041,0.5262,1,155,5,68.78
4,3,277,14,0.0,0.0,0.7214,1,196,0,77.5
2,3,125,7,48.94,0.4183,0.606,1,353,3,44.9
2,3,310,14,56.34,0.5433,0.739,0,271,5,53.88
1,2,144,9,47.86,0.4317,0.4265,0,168,3,39.92
1,1,154,12,62.35,0.614,0.7504,0,90,9,64.18
1,2,62,3,52.67,0.4603,0.6898,0,197,2,51.66
3,2,325,13,54.1,0.5456,0.6367,1,87,4,55.86
3,2,226,14,53.1,0.5593,0.5658,1,129,1,51.13
1,2,71,3,48.59,0.5228,0.8715,1,362,5,47.73
1,3,265,19,80.31,0.7822,0.8125,0,231,7,79.85
2,1,92,3,62.31,0.5679,0.7153,1,220,6,64.49
3,3,246,16,87.93,0.8482,0.6563,1,158,2,84.79
2,1,222,11,52.05,0.5293,0.7227,1,49,5,46.61
4,1,283,22,76.74,0.8281,0.7088,1,59,9,79.4
1,3,287,15,56.05,0.4902,0.5191,1,210,8,48.72
2,3,292,21,44.01,0.4128,0.8425,1,225,8,52.75
1,2,220,13,33.68,0.3501,0.5802,1,255,6,34.6
4,1,274,19,0.0,0.0,0.9918,1,67,0,70.31
3,2,104,5,48.43,0.4138,0.8636,1,24,7,52.84
2,1,291,13,45.77,0.461,0.5516,1,140,9,42.4
2,2,261,11,59.47,0.5107,0.7634,1,223,4,61.8
4,2,276,11,81.07,0.7753,0.5227,1,352,1,71.46
4,1,180,11,49.57,0.5027,0.8126,0,18,1,55.2
1,1,202,11,40.7,0.3704,0.7384,1,133,3,39.97
4,2,310,16,72.51,0.6359,0.7402,1,88,9,64.97
1,1,95,3,60.7,0.5671,0.3318,0,185,4,42.42
1,3,313,15,87.99,0.857,0.6185,1,271,8,79.84
4,1,134,11,65.91,0.6012,0.6692,0,24,4,67.52
2,2,105,5,70.19,0.6829,0.639,1,234,9,57.75
4,2,223,15,77.11,0.7512,0.3549,0,320,9,71.28
3,1,256,11,54.94,0.4845,0.4235,0,156,10,46.23
1,2,77,5,44.83,0.4549,0.8683,1,144,1,51.1
2,3,31,2,63.72,0.628,0.3988,0,306,6,58.74
2,2,166,9,47.4,0.4069,0.8998,1,223,9,53.14
4,3,190,8,73.03,0.6472,0.6298,1,294,4,71.99
2,2,122,5,36.04,0.3846,0.3422,0,197,3,34.19
1,3,41,2,55.63,0.5858,0.894,1,319,6,55.46
2,3,68,5,56.77,0.6147,0.9367,1,300,7,65.26
1,3,340,24,49.97,0.507,0.9442,1,258,5,53.06
4,3,173,13,0.0,0.0,0.3432,0,57,0,52.09
2,1,312,15,46.13,0.3932,0.9608,1,128,4,52.88
4,3,26,2,85.12,0.7238,0.8962,1,207,7,90.91
4,1,259,13,70.06,0.5994,0.7451,0,191,1,64.88
3,2,89,3,49.58,0.48,0.5273,1,147,2,47.23
1,1,255,16,67.87,0.6834,0.9848,1,240,9,76.06
2,3,79,3,58.28,0.5375,0.6465,0,163,6,40.15
1,1,110,6,45.2,0.4238,0.8514,1,294,7,52.37
4,1,69,3,0.0,0.0,0.848,0,318,0,64.45
4,1,109,6,79.85,0.6829,0.6453,1,276,6,75.52
4,2,218,9,52.06,0.5185,0.6358,1,139,10,47.24
2,2,79,6,0.0,0.0,0.728,1,249,0,59.83
4,1,271,16,57.56,0.6067,0.7221,1,62,4,57.88
1,1,241,10,0.0,0.0,0.5118,1,57,0,27.11
3,2,207,12,71.1,0.6795,0.6162,1,350,9,63.1
4,3,200,11,68.73,0.6667,0.9093,1,129,2,81.86
3,1,53,3,68.67,0.6839,0.7021,1,188,9,72.09
1,3,339,18,63.88,0.5776,0.6517,1,228,7,73.08
2,2,102,4,40.42,0.4237,0.9113,1,279,3,40.14
2,3,103,4,66.44,0.675,0.5391,1,133,10,55.32
3,3,271,11,70.77,0.6795,0.3032,0,196,6,56.4
2,2,261,13,56.25,0.4973,0.6836,0,310,1,51.57
2,2,230,15,51.01,0.5018,0.5078,1,161,9,48.15
3,2,273,22,51.93,0.5273,0.92,1,60,3,59.49
4,2,102,6,77.23,0.7732,0.5274,1,22,2,72.83
1,1,49,2,36.26,0.3158,0.5369,1,46,1,27.08
4,1,344,17,49.93,0.4418,0.427,0,34,1,40.87
2,3,123,6,44.74,0.4444,0.6742,0,297,4,39.92
4,2,136,10,82.87,0.8422,0.7469,1,248,4,86.56
4,2,187,8,66.24,0.575,0.7735,1,81,1,65.25
1,2,228,10,53.03,0.5144,0.6463,0,124,1,48.54
4,2,84,4,62.22,0.5583,0.8047,1,43,6,62.13
4,2,149,10,69.2,0.7035,0.8671,1,347,9,75.58
2,3,230,10,70.72,0.6436,0.8025,1,329,1,75.41
3,1,339,19,65.01,0.5946,0.6392,1,137,4,66.29
4,3,302,17,67.88,0.5896,0.6113,1,33,1,57.14
4,2,37,2,82.35,0.7986,0.6586,1,188,7,76.4
1,3,223,10,44.33,0.4798,0.8073,0,305,2,38.67
1,3,161,6,68.31,0.6606,0.3982,0,213,3,54.49
2,1,190,10,51.69,0.5198,0.8096,1,300,1,53.65
4,2,317,21,63.48,0.6946,0.6579,1,187,5,75.86
2,2,256,16,71.2,0.6437,0.9612,1,16,1,76.13
2,3,206,12,52.15,0.5036,0.5517,1,196,10,52.48
2,1,131,10,0.0,0.0,0.6807,1,137,0,59.32
2,3,110,5,57.09,0.5171,0.9322,1,66,10,60.82
1,2,128,9,39.09,0.3754,0.9908,1,158,10,47.56
1,2,93,7,47.28,0.4368,0.6267,1,354,9,49.56
1,2,338,16,44.66,0.4499,0.5785,1,177,3,41.17
1,1,211,8,0.0,0.0,0.8092,1,362,0,45.79
2,1,244,10,48.97,0.4675,0.5673,1,133,3,43.54
3,1,143,11,72.96,0.7423,0.9386,1,337,3,76.54
3,1,319,23,87.74,0.9556,0.6334,0,222,6,85.29
4,1,243,12,81.54,0.7892,0.5046,1,115,8,75.12
3,2,57,2,64.03,0.6371,0.6772,0,157,6,59.08
3,3,193,8,67.06,0.6521,0.7901,1,221,1,67.27
1,3,91,5,43.47,0.3714,0.903,1,325,1,51.12
4,1,87,5,54.96,0.5645,0.8491,1,93,2,65.94
1,2,282,12,71.42,0.7207,0.8067,0,39,3,65.81
3,2,199,9,70.1,0.6306,0.8858,1,54,10,74.18
2,2,188,10,64.54,0.6622,0.5886,1,30,6,56.69
2,1,325,26,58.25,0.4981,0.6794,1,283,3,64.95
4,1,303,17,60.81,0.6095,0.684,1,178,4,58.26
3,3,117,9,58.96,0.5842,0.7225,1,316,5,60.33
1,3,121,5,39.86,0.4094,0.7339,1,83,9,35.21
4,2,78,5,72.37,0.6153,0.9461,1,192,6,78.91
1,1,203,9,45.8,0.4124,0.7976,1,202,2,49.88
1,1,259,14,49.47,0.4366,0.7889,1,274,1,47.01
1,3,278,17,42.55,0.4394,0.8776,1,255,1,41.37
2,2,193,9,0.0,0.0,0.9282,1,122,0,80.17
2,3,290,13,43.48,0.4254,0.9816,1,297,2,53.58
1,3,157,7,34.51,0.2977,0.7842,1,340,9,39.13
1,2,340,17,57.78,0.6139,0.8267,1,162,9,56.97
3,2,166,12,0.0,0.0,0.7908,1,97,0,61.83
3,2,143,9,68.15,0.5978,0.9683,1,142,7,61.27
2,2,132,5,31.7,0.2956,0.8553,1,300,8,34.4
4,2,284,12,58.45,0.595,0.833,1,292,7,60.63
1,2,136,5,41.42,0.3561,0.8467,1,39,10,45.79
1,3,263,14,60.98,0.6154,0.6617,0,338,6,58.62
1,2,323,23,42.26,0.3801,0.6608,1,16,3,43.28
3,1,308,18,0.0,0.0,0.6121,1,80,0,68.54
4,2,125,8,62.43,0.5823,0.6427,0,89,3,66.85
3,3,90,5,62.0,0.6025,0.8961,1,178,7,70.67
3,2,213,12,59.15,0.648,0.5261,0,250,7,53.54
3,1,160,6,80.48,0.7975,0.8996,1,66,5,75.8
2,3,330,24,57.95,0.6021,0.5302,0,25,10,57.12
4,3,111,4,65.14,0.6593,0.8162,1,196,8,59.55
3,1,27,2,58.26,0.5447,0.563,1,218,5,65.72
2,3,280,15,57.95,0.5803,0.9615,1,120,8,62.64
4,1,320,14,0.0,0.0,0.9117,1,28,0,72.84
2,2,314,18,66.54,0.7233,0.9646,1,18,10,66.36
2,3,252,14,61.03,0.6219,0.729,1,320,5,65.82
4,1,59,2,68.48,0.6176,0.6264,1,323,10,63.96
1,2,108,4,40.9,0.3663,0.657,0,361,6,35.28
2,3,350,15,72.4,0.7819,0.8047,1,67,1,70.22
1,2,106,7,57.63,0.4959,0.6076,0,84,6,47.9
4,3,168,11,0.0,0.0,0.8102,1,175,0,70.5
4,1,305,12,0.0,0.0,0.5754,1,364,0,57.16
1,1,110,6,17.64,0.1613,0.6828,1,306,9,19.28
3,1,234,19,55.64,0.531,0.5097,1,228,9,63.91
4,1,346,22,55.87,0.5382,0.6253,1,263,5,57.97
3,1,335,21,48.98,0.4749,0.9338,1,232,5,59.72
4,1,304,19,64.25,0.568,0.5733,1,215,6,65.79
1,3,86,4,0.0,0.0,0.9328,1,48,0,45.62
4,1,228,11,0.0,0.0,0.5371,1,338,0,59.7
4,2,320,13,72.52,0.6281,0.7618,1,73,10,73.08
3,1,310,14,57.7,0.5295,0.8959,1,53,3,55.69
1,3,35,2,0.0,0.0,0.5592,1,10,0,39.64
4,2,112,8,70.65,0.7152,0.5274,1,156,7,72.53
4,3,321,19,69.34,0.6157,0.7061,1,352,7,69.93
1,2,317,13,0.0,0.0,0.5255,1,64,0,48.34
4,3,115,9,0.0,0.0,0.6658,0,299,0,72.29
4,1,142,6,47.88,0.428,0.8444,0,98,9,46.46
3,3,333,18,47.57,0.4832,0.82,1,316,10,54.47
4,2,256,11,55.44,0.5864,0.3832,0,349,4,45.8
3,3,109,8,54.53,0.5696,0.4604,0,358,1,52.89
3,1,147,8,72.73,0.7577,0.8947,1,212,9,80.39
4,2,298,22,64.57,0.5496,0.6718,1,55,10,59.67
4,2,210,11,67.3,0.6938,0.5394,1,149,9,63.06
1,1,197,10,43.17,0.4053,0.6654,1,299,2,42.99
4,1,149,9,72.27,0.7474,0.7957,0,56,7,70.55
3,3,61,2,59.88,0.5856,0.9977,1,174,4,66.26
2,1,320,18,61.17,0.6218,0.6625,0,365,8,59.05
1,1,104,7,52.79,0.5764,0.9662,1,14,6,62.42
3,2,319,17,69.43,0.7501,0.551,1,322,7,62.95
3,2,155,7,66.57,0.5667,0.4363,0,243,8,61.51
1,2,267,10,34.6,0.3011,0.729,1,265,2,36.87
3,2,98,4,58.38,0.6186,0.7517,1,342,2,64.5
4,3,265,16,80.51,0.7506,0.726,1,160,4,84.24
1,1,337,14,42.19,0.4316,0.8471,0,11,2,36.58
3,3,195,9,58.18,0.6382,0.6256,1,137,1,52.89
2,2,295,18,52.08,0.5363,0.7036,1,45,4,54.47
3,2,92,4,55.27,0.5898,0.818,0,248,3,58.67
3,3,40,2,69.61,0.7147,0.9619,1,133,3,73.9
2,1,115,5,58.61,0.603,0.5337,1,221,10,49.7
3,2,205,11,61.96,0.6236,0.6842,0,261,1,57.97
2,3,49,2,64.32,0.5592,0.6494,1,328,6,64.79
4,2,143,8,63.99,0.6276,0.6457,0,292,5,59.15
2,2,292,13,79.56,0.7623,0.8089,0,324,6,73.91
3,1,299,16,80.67,0.8854,0.518,1,88,2,71.82
1,1,110,4,53.38,0.5278,0.5456,1,95,8,46.87
1,1,246,10,47.32,0.4954,0.8745,1,289,8,51.47
4,1,198,13,59.67,0.5862,0.9908,1,134,2,68.02
4,2,312,20,75.01,0.777,0.8329,1,126,4,80.14
2,2,350,16,46.74,0.4256,0.5867,1,342,7,49.02
4,2,43,3,80.84,0.8298,0.5304,1,74,5,82.77
4,1,89,6,57.26,0.6035,0.9614,1,21,5,66.08
3,1,103,6,63.35,0.634,0.842,1,306,5,70.71
4,2,78,4,63.09,0.6211,0.6798,1,308,8,58.22
3,2,260,17,79.95,0.7482,0.6485,1,152,6,68.03
3,3,141,9,57.13,0.5746,0.6794,0,155,2,55.62
4,3,249,20,76.36,0.6947,0.97,1,308,10,76.78
3,1,236,19,58.72,0.5864,0.3468,0,34,8,54.37
1,3,85,5,68.55,0.6471,0.6239,1,227,8,72.05
1,2,63,5,56.56,0.4832,0.7502,0,115,10,54.76
2,2,231,12,57.29,0.5107,0.5354,1,173,2,52.07
4,2,213,11,57.16,0.5813,0.9804,1,184,9,59.78
3,2,38,2,63.14,0.636,0.6905,0,52,5,57.64
4,1,171,7,67.39,0.6106,0.5802,1,170,8,65.31
3,1,56,2,73.13,0.7131,0.5372,1,342,10,61.52
3,1,119,9,63.19,0.6148,0.6598,1,40,5,67.38
2,2,347,20,57.51,0.4925,0.7735,1,163,9,54.66
1,1,148,10,45.25,0.4735,0.6423,1,156,1,53.1
2,2,144,9,0.0,0.0,0.5451,1,55,0,57.71
3,3,109,6,48.14,0.4943,0.9086,1,321,9,57.63
3,1,146,6,80.41,0.7443,0.6045,0,314,5,78.95
1,1,179,8,59.18,0.5573,0.4179,0,361,3,54.84
4,3,304,17,80.57,0.7843,0.5642,1,69,2,78.8
1,3,129,6,71.11,0.7572,0.5814,1,279,3,66.31
1,3,60,3,37.58,0.3581,0.5789,1,69,10,35.45
1,3,103,7,49.17,0.487,0.6034,1,236,3,51.54
2,1,345,20,0.0,0.0,0.9869,1,45,0,50.67
4,1,305,12,76.0,0.7635,0.8966,1,255,1,76.49
1,1,147,6,64.54,0.5887,0.6317,1,198,2,57.28
4,1,290,15,67.26,0.6297,0.748,1,187,6,67.79
4,1,140,10,60.97,0.5784,0.8311,1,338,6,63.6
1,1,53,3,24.82,0.2716,0.9771,1,303,7,28.88
2,1,242,14,43.24,0.4332,0.7986,1,213,7,43.91
4,3,95,3,54.6,0.4939,0.5146,1,65,3,49.47
1,1,321,17,35.32,0.3374,0.4189,0,120,1,28.78
1,2,276,17,48.28,0.4941,0.8115,1,343,8,51.0
1,3,277,19,65.3,0.6435,0.8429,1,291,8,66.47
3,3,82,5,70.19,0.7536,0.8909,1,119,1,76.36
2,1,244,13,50.65,0.4925,0.7813,1,335,8,47.25
2,1,41,2,60.51,0.5766,0.7594,1,221,3,55.93
4,3,270,11,81.1,0.8448,0.5202,0,64,4,73.5
4,2,251,13,0.0,0.0,0.4971,0,164,0,63.04
1,3,162,10,71.34,0.6723,0.362,0,169,1,60.3
1,1,237,12,32.63,0.2799,0.5063,0,55,1,26.34
2,2,195,11,54.92,0.5039,0.9549,1,99,10,60.12
2,2,284,13,42.54,0.3899,0.4595,0,356,3,35.83
3,3,198,8,60.59,0.6172,0.5143,1,128,5,62.91
1,3,236,11,55.99,0.6098,0.6882,1,310,2,57.16
4,2,252,11,58.68,0.5561,0.7675,1,346,3,61.78
3,3,348,19,64.66,0.6654,0.7032,1,194,9,65.11
1,3,157,6,0.0,0.0,0.7489,0,331,0,55.72
3,3,267,11,0.0,0.0,0.531,0,259,0,64.65
3,3,88,5,59.13,0.5904,0.6425,1,208,2,57.02
2,1,268,11,56.25,0.5263,0.9836,1,67,5,57.14
4,3,59,2,76.83,0.6923,0.79,1,155,7,77.25
2,1,185,8,41.53,0.4385,0.9547,1,273,6,41.18
4,3,48,3,93.86,0.8008,0.973,1,74,7,94.95
3,2,232,9,58.13,0.6393,0.7831,1,296,3,56.3
3,1,113,5,45.51,0.4833,0.6567,1,189,10,47.96
2,3,134,7,35.79,0.3363,0.746,1,294,10,37.87
1,3,237,10,69.09,0.6346,0.8555,1,59,6,66.4
2,3,58,2,57.51,0.5639,0.5365,1,11,7,45.58
4,3,238,17,67.68,0.7332,0.6909,1,342,4,71.91
2,1,320,17,57.2,0.611,0.9798,1,353,4,66.01
3,3,272,11,76.3,0.7773,0.7478,1,12,8,75.88
1,3,100,6,55.68,0.4854,0.8854,1,25,2,61.23
2,1,324,25,44.23,0.4496,0.5098,1,287,6,35.1
2,3,135,5,72.48,0.6904,0.9126,1,281,10,71.42
2,1,32,2,50.81,0.4331,0.7969,1,20,7,47.11
4,3,56,2,76.35,0.7852,0.8757,1,306,8,73.28
2,1,42,2,69.83,0.6345,0.7969,1,354,8,68.49
3,3,250,10,60.85,0.5262,0.6432,1,147,10,59.39
3,2,266,15,65.62,0.603,0.7549,1,267,10,75.57
3,2,269,13,0.0,0.0,0.9032,1,109,0,83.43
2,1,120,6,53.92,0.4888,0.7648,0,209,2,64.91
3,2,251,16,0.0,0.0,0.8579,1,26,0,84.81
4,2,220,14,68.93,0.6605,0.8236,1,149,1,67.44
3,1,89,5,65.63,0.6522,0.5309,1,193,8,66.71
2,2,332,13,44.85,0.3965,0.6085,1,142,3,47.14
3,3,229,16,74.86,0.7835,0.6096,1,355,8,77.05
2,1,77,6,50.05,0.5152,0.8667,1,37,3,59.01
3,1,131,8,0.0,0.0,0.5452,0,146,0,57.45
2,3,88,4,69.18,0.6803,0.8173,1,52,8,64.75
2,2,345,14,35.34,0.3415,0.7962,1,338,4,34.75
1,2,240,12,26.88,0.2724,0.6848,1,192,6,28.41
3,2,74,4,55.63,0.5697,0.7318,1,352,10,61.14
3,1,99,4,70.03,0.7647,0.7647,1,325,7,75.98
2,2,309,20,52.59,0.452,0.8068,1,320,9,49.7
2,3,133,10,65.14,0.6504,0.7908,1,355,5,68.96
4,2,40,2,0.0,0.0,0.7172,1,342,0,67.49
4,3,259,17,69.86,0.6801,0.9354,1,300,4,72.85
2,1,311,15,52.36,0.4753,0.6552,1,250,9,50.28
4,1,314,14,72.3,0.7786,0.6029,1,356,3,69.68
3,3,197,8,72.83,0.6824,0.643,1,195,4,66.7
4,3,265,20,66.53,0.6016,0.7061,0,56,7,70.87
4,1,219,10,59.9,0.5617,0.8974,1,114,3,56.01
2,1,283,15,56.03,0.5062,0.713,1,210,9,57.92
1,1,333,27,40.17,0.4389,0.5433,0,88,8,40.86
4,2,310,13,73.87,0.7555,0.757,1,324,10,64.07
1,2,245,10,66.16,0.6444,0.6463,1,346,9,60.26
3,3,171,10,70.06,0.7382,0.7092,1,304,7,72.44
4,1,144,7,66.35,0.6944,0.6628,1,266,8,57.93
1,3,69,3,50.98,0.5024,0.8701,1,236,7,54.06
2,2,165,10,58.17,0.5531,0.6072,1,30,4,62.09
4,1,147,11,63.23,0.6394,0.695,1,211,9,69.52
2,2,138,8,29.72,0.2968,0.3617,0,62,3,26.47
3,2,256,19,71.76,0.7079,0.7773,0,224,8,71.76
1,2,325,14,38.82,0.3568,0.957,1,72,3,43.83
1,2,198,15,57.42,0.5924,0.7025,1,170,3,64.08
4,3,282,13,63.84,0.5497,0.6513,1,170,1,58.68
2,1,303,17,54.65,0.5193,0.4229,0,170,10,46.36
1,1,325,19,47.37,0.4152,0.5156,1,104,7,46.86
3,2,302,22,65.57,0.6489,0.9572,1,56,5,69.72
1,1,230,11,41.06,0.3614,0.7471,0,313,5,38.08
2,3,281,15,52.06,0.5066,0.7681,1,338,10,48.72
2,3,108,4,90.0,0.9557,0.5086,1,61,8,73.51
4,1,131,5,75.98,0.7906,0.6765,1,79,1,76.91
3,1,51,2,57.01,0.6179,0.6816,1,294,3,58.3
3,2,301,24,74.68,0.6546,0.9481,1,102,6,86.08
2,3,41,2,0.0,0.0,0.796,1,199,0,52.79
4,3,72,5,67.86,0.6859,0.9496,1,351,1,75.32
2,3,339,14,45.46,0.4086,0.4964,0,270,3,42.11
2,1,244,10,41.5,0.4215,0.7775,1,362,3,41.48
1,1,349,26,52.1,0.5549,0.4585,0,25,6,49.46
2,1,136,6,0.0,0.0,0.7025,1,150,0,53.97
1,2,155,7,30.08,0.3085,0.7498,1,62,6,20.59
3,1,145,9,57.6,0.5365,0.9376,1,25,9,65.56
3,3,42,2,63.88,0.5974,0.7788,1,360,2,61.63
3,3,97,4,56.73,0.4933,0.6403,0,18,4,52.42
4,2,116,7,73.37,0.6764,0.6953,1,53,3,70.59
3,1,171,9,69.42,0.7602,0.7347,1,160,8,67.31
3,3,32,2,54.6,0.5249,0.5605,1,209,10,58.24
4,1,247,20,59.86,0.555,0.635,1,214,3,68.46
4,2,48,3,56.3,0.5836,0.6477,1,90,5,63.72
1,2,92,6,50.25,0.4676,0.9805,1,184,2,63.4
4,1,25,2,78.24,0.7415,0.3989,0,195,8,70.73
1,2,209,8,49.56,0.4622,0.5942,1,70,3,41.39
4,1,193,9,65.27,0.5944,0.6948,0,73,9,66.67
1,3,321,20,58.67,0.6291,0.36,0,151,4,54.79
1,2,40,2,46.78,0.4236,0.9002,1,110,8,45.57
4,2,180,14,59.02,0.5159,0.8118,0,85,2,64.63
1,3,80,3,0.0,0.0,0.7834,1,87,0,59.46
4,2,262,13,66.88,0.6048,0.752,1,241,9,63.2
3,2,178,9,66.99,0.5935,0.9961,1,330,8,75.76
2,1,189,12,62.78,0.6162,0.5933,1,22,1,60.43
3,1,212,14,66.01,0.5919,0.5794,1,144,8,61.46
4,2,47,2,67.33,0.6263,0.7503,1,50,8,67.25
2,1,61,2,42.06,0.4329,0.68,1,107,3,44.21
2,2,90,6,75.38,0.7749,0.6285,1,144,10,72.67
2,1,223,17,45.86,0.4306,0.9336,1,205,4,57.39
4,2,163,6,75.28,0.7999,0.3674,0,195,3,63.22
2,1,322,13,49.9,0.5018,0.7337,1,57,2,53.18
2,3,179,11,53.72,0.5558,0.678,1,292,4,53.93
4,3,284,21,82.62,0.808,0.6908,0,76,7,85.58
2,2,335,21,53.99,0.5284,0.6442,1,33,7,60.99
2,1,142,6,57.33,0.5252,0.7839,0,17,5,53.21
1,2,293,19,53.08,0.5137,0.6279,1,245,6,53.8
1,1,205,11,0.0,0.0,0.7246,1,81,0,37.83
2,3,117,5,58.89,0.5799,0.7559,0,118,10,59.88
2,2,309,13,49.79,0.5216,0.5988,1,15,7,45.77
3,3,245,12,62.14,0.6464,0.7004,1,213,10,67.02
3,1,73,5,59.12,0.6501,0.8635,1,306,4,63.14
1,1,246,14,58.94,0.6435,0.316,0,209,2,50.58
1,2,34,2,38.8,0.422,0.6791,0,183,3,34.27
3,2,345,16,54.6,0.5913,0.6425,0,265,9,52.66
1,1,234,16,38.77,0.3769,0.7598,1,253,6,46.76
4,2,311,17,61.84,0.6545,0.7428,1,314,3,66.39
1,3,303,13,51.11,0.4511,0.6338,0,357,2,50.55
4,2,41,3,87.45,0.7923,0.4694,0,10,1,79.26
2,2,153,8,61.91,0.6168,0.3014,0,278,2,49.16
4,1,153,6,62.52,0.5343,0.9904,1,347,9,61.09
3,2,139,7,0.0,0.0,0.8065,1,303,0,49.98
4,2,117,4,76.13,0.7995,0.729,1,231,9,72.41
3,1,285,12,57.16,0.5667,0.9479,1,195,9,57.84
3,2,252,12,59.17,0.504,0.4846,0,357,2,47.95
1,2,118,5,43.68,0.3718,0.712,1,184,6,39.52
4,1,42,2,66.31,0.5968,0.6893,1,255,8,70.57
3,1,235,15,74.22,0.6404,0.5752,1,212,7,77.23
3,3,226,10,56.04,0.5683,0.8095,1,308,4,52.63
3,2,346,15,60.11,0.5522,0.6264,1,173,3,55.44
2,2,37,2,40.93,0.4142,0.6364,1,278,3,41.5
4,2,157,9,0.0,0.0,0.7426,0,188,0,73.51
3,3,271,14,67.49,0.6124,0.7012,0,200,5,69.9
2,3,335,24,48.83,0.5054,0.8053,0,24,6,50.93
4,1,165,12,0.0,0.0,0.6932,1,100,0,65.11
3,1,97,5,60.4,0.5482,0.8158,1,231,8,63.46
4,2,168,8,78.31,0.8524,0.7159,1,29,4,68.18
2,1,273,18,55.06,0.5533,0.6678,1,85,9,61.22
3,1,52,2,0.0,0.0,0.5691,0,32,0,35.49
3,1,225,14,60.31,0.5844,0.6011,1,110,8,66.64
2,1,135,5,45.99,0.4901,0.8529,1,252,7,43.12
3,1,201,9,56.98,0.5108,0.8631,1,280,10,56.24
4,2,271,20,64.91,0.6621,0.388,0,103,8,58.97
1,1,316,23,58.34,0.5832,0.9827,1,354,3,68.53
1,3,152,8,47.98,0.4613,0.8467,1,15,8,49.88
1,3,232,10,53.17,0.5088,0.3197,0,242,5,42.36
2,3,296,13,50.73,0.5541,0.614,1,274,8,50.78
2,2,193,9,52.65,0.482,0.4016,0,39,10,41.55
1,1,284,18,57.44,0.6011,0.6282,1,52,10,49.84
3,3,344,18,88.18,0.9454,0.8295,1,171,4,79.78
2,1,345,27,55.96,0.5998,0.9224,1,185,10,65.09
1,1,210,14,59.96,0.6517,0.7011,1,110,10,60.67
2,1,109,4,65.93,0.7004,0.6324,1,11,5,62.73
1,2,165,7,0.0,0.0,0.8413,1,116,0,50.97
2,3,336,20,46.47,0.3955,0.6002,1,350,1,47.07
2,3,221,9,93.59,0.9845,0.5906,0,73,2,85.64
2,1,202,12,47.68,0.4668,0.9123,1,317,4,50.6
4,1,101,6,54.32,0.5483,0.7631,1,63,5,56.13
2,2,99,4,59.79,0.5735,0.5658,1,191,3,47.28
1,3,211,10,48.34,0.4615,0.763,1,50,10,42.45
1,1,52,2,46.22,0.4913,0.9225,1,144,1,48.59
4,2,32,2,85.69,0.8382,0.8697,1,176,4,87.24
2,3,155,9,57.36,0.4914,0.7065,1,194,4,54.92
3,2,132,7,47.55,0.4646,0.3341,0,78,5,38.44
3,2,253,11,49.06,0.4503,0.59,1,155,7,42.68
1,1,172,7,52.76,0.5121,0.5193,1,262,3,47.18
3,2,332,13,70.82,0.7325,0.6326,1,64,8,61.21
4,2,199,8,82.86,0.8794,0.4814,0,310,10,73.6
2,2,245,13,76.23,0.7054,0.9556,1,88,9,79.98
4,1,126,5,57.35,0.6046,0.8467,1,113,4,59.03
1,1,198,12,55.56,0.5125,0.9817,1,196,5,64.96
4,1,310,12,70.94,0.6411,0.985,1,346,10,65.57
4,2,285,22,71.57,0.7853,0.5458,1,267,9,72.26
4,3,267,20,77.63,0.7919,0.883,1,57,5,80.03
2,1,225,11,0.0,0.0,0.808,1,134,0,46.56
4,1,293,15,63.47,0.642,0.3484,0,198,8,50.93
3,3,80,4,70.02,0.6255,0.4568,0,26,3,59.54
2,3,136,5,54.29,0.4866,0.668,0,130,6,53.65
4,3,57,2,83.47,0.7535,0.9763,1,240,9,77.22
4,2,246,14,75.12,0.7774,0.6495,1,57,4,66.58
2,2,247,15,70.22,0.623,0.6535,1,25,4,65.6
2,3,110,5,74.05,0.7113,0.6636,1,57,9,67.14
4,2,337,17,68.98,0.6533,0.5442,1,141,4,63.04
3,1,72,3,69.49,0.7042,0.4535,0,88,5,56.52
4,3,314,13,63.12,0.6573,0.6952,1,351,4,69.58
1,3,300,20,43.83,0.3992,0.8151,1,340,2,48.55
2,2,120,5,51.57,0.4987,0.6889,0,148,3,49.13
1,1,288,16,44.47,0.4851,0.6223,1,145,4,34.4
3,2,191,9,50.11,0.509,0.833,1,200,7,54.94
4,3,26,2,59.81,0.5281,0.8743,1,343,5,74.69
4,2,160,10,49.91,0.5384,0.32,0,220,6,52.9
3,1,153,6,77.43,0.6752,0.7156,1,138,2,74.07
4,3,50,3,80.41,0.8104,0.8341,0,187,1,78.44
3,2,216,10,55.89,0.5515,0.3482,0,144,3,52.13
2,1,281,12,51.7,0.5556,0.9976,1,105,7,61.7
1,2,90,6,41.4,0.4471,0.7527,1,49,8,43.75
4,1,333,25,69.68,0.6532,0.8272,1,161,4,69.48
3,3,331,26,52.38,0.4913,0.5478,1,67,2,56.76
3,1,124,9,0.0,0.0,0.7396,1,197,0,62.67
1,1,329,15,49.68,0.4358,0.7279,1,183,2,49.19
4,1,169,6,63.28,0.5827,0.3694,0,154,3,50.31
2,1,204,11,0.0,0.0,0.4107,0,54,0,50.65
4,2,99,6,70.08,0.6538,0.5513,0,81,5,69.74
4,3,267,12,61.18,0.5212,0.6781,1,360,2,61.98
4,3,26,2,64.85,0.6765,0.5416,1,277,1,67.61
2,1,148,8,52.9,0.5417,0.6463,0,199,3,50.33
3,3,188,7,71.27,0.6647,0.9482,1,307,6,70.05
1,3,295,19,57.12,0.5234,0.8921,1,331,2,66.15
3,3,42,2,69.15,0.7444,0.6524,1,268,10,69.69
1,3,138,9,55.16,0.4998,0.882,1,13,6,53.28
3,2,179,12,0.0,0.0,0.7508,0,154,0,60.78
1,2,255,10,0.0,0.0,0.5734,1,246,0,43.4
1,3,119,7,53.3,0.4756,0.9173,1,124,9,62.24
4,1,254,12,48.37,0.4661,0.6875,1,191,8,51.78
1,2,313,20,56.48,0.6186,0.8606,1,311,1,64.44
2,1,62,3,60.56,0.6122,0.6312,0,141,3,54.14
3,1,347,21,55.26,0.5841,0.667,1,113,5,55.84
1,3,279,12,48.06,0.4398,0.3068,0,285,6,36.36
3,2,118,6,86.58,0.8791,0.3143,0,75,9,78.54
4,3,58,4,60.17,0.6227,0.6335,0,122,6,63.07
4,1,167,7,0.0,0.0,0.5336,1,249,0,56.63
1,1,280,13,57.67,0.5144,0.811,0,352,10,60.22
4,2,278,12,61.25,0.5411,0.5647,1,61,1,61.37
1,3,332,13,50.18,0.481,0.7248,1,335,4,43.56
4,3,313,14,81.98,0.7694,0.9222,1,114,9,82.21
3,2,316,13,77.62,0.749,0.7653,1,353,10,69.2
1,2,207,15,43.41,0.4474,0.7364,1,195,7,39.48
1,3,279,18,57.4,0.6233,0.7256,1,132,7,51.13
3,3,306,19,84.79,0.8434,0.5621,1,189,8,86.16
2,1,56,2,52.49,0.502,0.5744,1,261,4,50.74
4,3,319,22,74.11,0.7461,0.6053,0,295,5,73.69
2,1,92,4,51.37,0.4847,0.7637,0,101,7,45.12
2,3,166,7,60.59,0.5322,0.7016,1,350,7,62.91
2,2,143,7,53.32,0.56,0.4216,0,235,2,43.82
3,1,150,7,48.48,0.4654,0.8221,1,38,4,44.76
3,2,278,12,75.95,0.6605,0.5371,1,74,9,70.03
3,1,204,13,59.0,0.5534,0.5704,1,245,1,57.1
2,1,121,7,38.43,0.37,0.7089,1,323,5,40.76
1,2,299,17,66.16,0.6512,0.6999,1,149,7,61.22
2,3,79,6,50.11,0.4279,0.5677,0,313,1,45.67
3,2,324,23,0.0,0.0,0.5885,0,46,0,57.82
4,3,343,16,79.75,0.8499,0.6849,1,174,3,72.8
2,3,349,26,59.58,0.5549,0.9275,1,163,1,60.95
1,2,171,7,54.53,0.5769,0.6617,1,223,10,52.67
2,1,143,8,65.15,0.683,0.8479,1,83,4,68.5
1,2,67,3,36.18,0.3424,0.9592,1,329,3,38.45
3,2,50,2,62.64,0.6775,0.9926,1,36,3,54.77
3,1,225,15,76.18,0.7881,0.5002,1,97,2,72.95
2,2,229,17,44.27,0.3809,0.7181,1,350,8,51.52
3,2,87,6,57.6,0.5948,0.5848,0,315,10,58.43
1,2,188,9,59.44,0.6013,0.5053,0,252,7,50.53
3,1,180,9,62.42,0.5487,0.8252,1,91,2,63.6
3,3,28,2,71.65,0.7551,0.8467,1,213,3,79.96
1,2,111,6,44.25,0.3941,0.554,1,164,2,39.9
1,1,179,8,70.51,0.7083,0.9802,1,210,6,68.86
1,3,302,21,66.91,0.6101,0.9435,1,177,2,69.18
1,2,320,23,50.41,0.4526,0.3625,0,345,5,44.58
2,1,289,17,52.63,0.5564,0.5854,1,130,2,53.43
3,1,31,2,38.0,0.4068,0.9606,1,212,2,47.51
1,3,149,5,64.33,0.5865,0.8788,1,139,2,63.31
2,1,45,2,39.68,0.3755,0.5673,1,111,7,32.8
4,3,243,11,59.36,0.6086,0.7496,1,78,7,69.22
1,1,174,7,0.0,0.0,0.7579,0,28,0,33.4
3,1,331,15,73.35,0.8007,0.7391,0,80,7,69.11
3,2,58,3,76.11,0.6864,0.8489,0,232,10,73.64
2,3,137,7,41.43,0.4356,0.8103,0,305,1,43.87
2,3,345,24,61.74,0.5281,0.8688,1,30,7,67.72
3,1,258,11,53.48,0.4652,0.6836,1,130,3,53.64
4,3,321,16,76.12,0.6944,0.86,1,187,10,78.19
1,2,26,2,84.52,0.7197,0.9594,1,162,5,88.87
4,1,202,11,49.84,0.4392,0.6008,0,15,8,54.69
3,3,156,8,65.07,0.5983,0.7951,0,308,5,61.68
2,3,42,2,65.65,0.6535,0.6788,0,66,9,61.61
1,1,200,14,31.24,0.3419,0.7144,1,215,3,35.37
1,2,40,2,33.26,0.358,0.4434,0,224,7,32.61
4,3,45,2,68.4,0.7325,0.5862,1,334,3,67.77
1,2,57,2,48.25,0.4789,0.8195,0,167,8,39.96
4,3,96,3,59.47,0.516,0.7121,0,307,1,52.81
4,1,61,4,72.47,0.7955,0.3089,0,283,9,61.85
4,1,246,11,67.09,0.7014,0.6297,1,23,5,69.8
1,3,34,2,51.67,0.5316,0.9588,1,76,6,66.85
1,3,154,12,56.08,0.5395,0.444,0,226,1,56.63
4,3,253,12,78.95,0.7266,0.7391,1,15,10,81.83
2,3,121,5,60.09,0.5852,0.4127,0,166,10,50.96
3,1,48,2,61.99,0.5288,0.5996,1,130,4,57.44
3,2,317,19,0.0,0.0,0.8799,1,85,0,66.93
2,3,241,11,73.36,0.6475,0.5078,0,49,7,58.82
4,3,308,12,53.78,0.516,0.5318,1,266,7,50.71
4,2,134,6,65.72,0.6462,0.8074,1,339,1,65.95
3,3,268,17,58.97,0.5483,0.7049,1,271,4,65.76
1,3,139,8,45.49,0.4499,0.7493,1,306,8,45.96
1,1,345,17,26.01,0.2418,0.5964,1,301,1,27.83
1,3,225,10,0.0,0.0,0.6395,1,166,0,41.85
2,1,313,19,0.0,0.0,0.614,1,170,0,38.96
4,2,264,10,90.49,0.9428,0.6074,0,152,1,86.09
3,2,203,9,74.96,0.8127,0.7251,1,274,3,72.17
4,2,294,15,54.13,0.5856,0.6937,0,79,9,56.49
1,3,44,2,48.68,0.4475,0.8093,1,263,2,49.06
1,1,79,3,42.72,0.4346,0.5078,1,153,5,43.99
3,3,243,14,73.04,0.6707,0.563,1,159,1,71.81
3,2,305,17,72.46,0.6368,0.3646,0,247,1,63.07
2,1,192,10,0.0,0.0,0.8298,1,124,0,53.38
2,1,182,7,43.28,0.4752,0.8286,1,141,10,47.56
1,1,141,7,41.31,0.434,0.7974,1,266,1,47.15
3,2,318,22,70.28,0.6187,0.84,1,40,7,71.16
1,3,150,10,31.57,0.3326,0.8447,1,200,1,38.33
2,2,213,10,69.18,0.6298,0.6354,1,89,7,65.61
3,2,39,2,62.98,0.5684,0.3503,0,342,5,55.19
1,2,157,11,50.73,0.5455,0.5139,1,15,1,49.47
4,1,323,22,0.0,0.0,0.5643,1,48,0,67.32
3,2,249,12,82.22,0.8527,0.6001,1,145,3,73.61
4,1,88,3,63.72,0.6634,0.8056,1,148,1,59.86
2,2,165,7,55.02,0.511,0.887,1,172,5,55.61
2,3,344,20,64.44,0.6412,0.6555,1,26,8,64.05
2,1,214,10,60.36,0.5902,0.9745,1,331,5,60.54
1,2,39,2,59.36,0.6108,0.793,1,332,7,69.0
4,1,175,7,63.63,0.5696,0.7367,1,260,5,56.14
3,3,224,14,67.89,0.6249,0.5391,0,207,9,67.08
2,2,259,15,58.08,0.6102,0.7968,1,297,5,55.09
3,3,219,17,77.47,0.8224,0.3864,0,194,1,73.19
3,2,47,3,56.9,0.4923,0.8072,1,123,6,66.23
3,2,40,2,72.06,0.7329,0.5521,1,254,2,70.37
3,1,54,3,69.5,0.6009,0.8748,1,364,5,72.0
3,2,104,5,53.29,0.4853,0.7681,0,312,9,58.39
3,3,181,9,63.38,0.6514,0.7282,1,269,5,63.71
2,3,80,4,49.65,0.5214,0.5532,1,127,4,41.22
2,1,37,2,56.39,0.6154,0.8328,1,76,9,57.61
4,2,40,2,74.51,0.8052,0.6833,1,51,4,70.68
2,3,87,3,53.93,0.4593,0.7782,0,77,5,43.96
1,2,174,8,44.48,0.4833,0.8591,1,79,5,45.92
4,2,118,8,57.75,0.5368,0.9553,1,127,3,69.07
4,1,93,4,50.54,0.5268,0.5399,1,186,8,41.27
1,1,275,15,55.88,0.4845,0.6454,0,138,2,57.97
4,3,220,8,70.03,0.6585,0.6243,1,23,5,68.39
3,1,124,9,71.05,0.6434,0.7842,1,195,7,79.76
2,2,255,11,62.36,0.6043,0.8206,0,53,3,61.14
3,3,106,5,66.42,0.6758,0.8033,1,23,7,58.93
1,1,336,26,46.22,0.4654,0.3861,0,72,2,43.96
3,2,190,9,0.0,0.0,0.4153,0,177,0,65.55
4,2,342,27,78.24,0.7035,0.7754,1,285,2,85.38
1,3,169,6,54.45,0.5711,0.9734,1,22,7,58.71
1,2,277,13,35.95,0.3685,0.6703,1,287,8,28.69
3,3,74,4,0.0,0.0,0.9144,1,234,0,94.13
4,3,174,8,71.3,0.7764,0.8012,0,157,2,74.13
2,1,140,6,54.19,0.5643,0.523,1,362,4,43.14
1,2,222,14,67.07,0.6038,0.6433,1,227,3,62.2
4,2,309,13,71.23,0.7251,0.7818,1,194,8,66.44
1,1,52,3,39.83,0.3812,0.752,1,329,6,43.03
2,3,187,12,44.55,0.3845,0.6394,1,118,7,46.95
3,2,330,17,65.67,0.5987,0.7733,1,148,2,63.6
4,1,326,22,68.34,0.5926,0.7235,1,211,5,68.55
4,3,326,23,0.0,0.0,0.8867,1,122,0,69.17
2,2,131,5,39.15,0.4199,0.9945,1,89,7,42.78
2,1,259,12,68.94,0.6461,0.6837,1,82,9,65.62
4,2,35,2,67.73,0.7239,0.7456,1,285,8,61.25
2,2,130,10,53.05,0.4607,0.6229,1,336,4,51.13
2,3,288,17,64.7,0.6473,0.9329,1,235,8,77.66
1,3,47,3,48.79,0.5293,0.4529,0,132,4,43.45
1,2,327,25,57.43,0.6246,0.6079,0,52,10,58.9
4,1,248,17,53.61,0.5772,0.8539,1,164,1,61.42
3,2,281,15,48.94,0.482,0.5335,1,97,1,46.41
4,3,57,3,71.4,0.6967,0.7091,1,142,9,68.87
2,1,129,6,52.04,0.5106,0.9592,1,72,9,47.72
3,3,87,5,66.49,0.6752,0.6951,0,271,2,65.24
4,2,272,21,81.71,0.7894,0.6953,1,161,10,90.76
3,2,320,24,46.87,0.4455,0.6551,1,235,1,47.8
4,2,215,9,55.69,0.5403,0.7811,1,74,6,62.84
1,3,96,4,30.12,0.2808,0.5925,1,261,4,28.55
4,3,93,4,73.7,0.6929,0.5709,1,12,8,69.74
4,1,45,2,55.61,0.4963,0.7337,1,357,9,57.83
3,1,56,3,73.51,0.8013,0.3206,0,93,7,65.12
1,2,303,14,53.41,0.5636,0.7514,0,50,9,50.9
3,3,35,2,65.16,0.6391,0.5667,1,158,4,64.54
3,1,63,4,55.43,0.5555,0.6732,1,277,6,56.89
4,3,304,20,63.75,0.6466,0.9844,1,227,8,78.04
4,1,302,14,59.51,0.5587,0.7686,1,350,9,60.85
2,2,223,9,59.99,0.6588,0.9581,1,231,1,62.44
2,2,181,8,61.4,0.6299,0.4078,0,360,6,59.11
4,3,210,9,75.1,0.7198,0.9192,1,34,7,73.73
1,1,278,12,77.75,0.8084,0.9984,1,170,9,80.38
2,1,121,6,36.38,0.3209,0.9008,1,336,10,41.04
1,3,205,9,61.38,0.5481,0.9931,1,148,6,62.94
1,1,225,13,50.24,0.5026,0.6764,1,277,6,55.37
2,2,90,5,60.38,0.5945,0.5072,1,37,10,52.95
3,1,165,6,0.0,0.0,0.4557,0,162,0,48.04
1,2,168,10,76.75,0.8331,0.9275,1,337,9,87.76
4,1,179,7,71.7,0.6249,0.506,1,257,3,67.65
2,3,193,9,67.4,0.7195,0.8215,1,260,3,66.71
4,2,58,3,70.21,0.6594,0.6688,1,168,7,65.3
4,1,117,4,59.7,0.6094,0.8993,1,305,6,63.76
2,3,51,2,62.45,0.5848,0.5491,1,140,1,55.51
2,3,50,2,46.01,0.5029,0.6653,1,102,7,41.51
3,2,314,24,59.82,0.5986,0.5217,1,240,2,63.77
1,1,251,15,28.93,0.2687,0.5438,1,157,3,27.37
2,1,120,4,0.0,0.0,0.8531,1,344,0,50.37
3,3,166,7,67.86,0.6436,0.6961,1,158,3,65.48
4,3,72,4,80.25,0.8241,0.7317,1,86,2,73.74
2,2,188,13,50.46,0.4348,0.9512,1,238,8,58.62
4,1,53,2,65.16,0.5894,0.6234,0,40,3,62.89
4,1,288,13,60.31,0.6099,0.723,1,179,6,59.32
4,1,270,19,69.74,0.5977,0.9017,1,336,10,80.62
2,1,218,13,57.95,0.5525,0.6425,1,43,10,52.26
2,2,86,4,73.6,0.7647,0.7573,1,65,7,80.27
4,2,314,18,61.46,0.5852,0.5063,1,337,9,65.77
2,3,137,7,51.53,0.4889,0.6281,1,81,5,51.15
1,1,90,5,37.41,0.3497,0.7939,1,198,4,41.01
2,1,273,15,0.0,0.0,0.6424,1,229,0,43.9
4,1,304,23,71.07,0.6294,0.7285,0,195,7,75.25
2,2,335,23,62.51,0.631,0.694,0,354,9,60.97
4,1,310,20,52.95,0.5384,0.5991,1,37,7,45.6
4,3,175,8,78.7,0.7591,0.5251,1,234,6,72.02
4,2,225,13,68.43,0.7406,0.84,1,299,4,69.92
3,1,207,8,0.0,0.0,0.6677,1,102,0,46.17
3,3,119,7,60.07,0.6234,0.744,0,83,9,55.65
2,2,150,7,67.75,0.732,0.8029,1,94,4,62.01
4,1,115,7,60.27,0.6147,0.6257,1,230,10,59.89
3,1,177,8,63.34,0.5983,0.5844,1,291,6,59.47
4,3,266,10,64.03,0.699,0.6253,1,140,9,67.63
3,1,291,11,49.62,0.4325,0.6365,1,297,9,42.85
2,3,303,19,0.0,0.0,0.6186,0,107,0,39.03
3,2,94,4,63.12,0.6145,0.9847,1,136,3,63.02
1,1,105,7,0.0,0.0,0.4183,0,266,0,28.83
1,3,103,6,42.93,0.4645,0.7543,0,336,1,45.87
2,3,328,17,76.47,0.6821,0.4344,0,291,1,64.52
2,1,82,5,36.86,0.4007,0.7253,0,258,5,35.93
3,2,32,2,0.0,0.0,0.8281,1,337,0,76.31
1,2,133,5,46.16,0.5008,0.7648,1,141,2,49.26
4,1,215,9,63.04,0.6045,0.5559,0,330,5,61.23
1,3,93,5,42.53,0.4644,0.9219,1,37,8,50.89
1,3,128,8,52.32,0.4715,0.6663,0,16,9,49.55
1,2,134,9,56.29,0.5554,0.7048,0,189,1,61.5
2,2,100,4,0.0,0.0,0.5441,1,67,0,63.04
3,3,173,12,74.93,0.7642,0.7166,0,215,3,77.68
4,3,264,11,87.74,0.8361,0.6288,0,101,8,78.52
4,2,111,6,76.43,0.6575,0.5418,1,361,3,70.79
3,1,31,2,58.01,0.5043,0.8897,1,41,3,62.56
3,2,26,2,60.62,0.5778,0.5311,1,264,8,65.65
3,2,28,2,57.39,0.6307,0.6964,1,347,3,58.73
2,2,192,9,0.0,0.0,0.7965,0,236,0,60.25
4,1,95,4,83.5,0.8239,0.306,0,65,9,68.48
1,1,39,2,52.79,0.5609,0.5365,1,326,3,45.65
2,2,46,2,55.94,0.5753,0.9755,1,49,1,58.42
1,2,301,18,61.8,0.6128,0.7781,1,109,7,62.02
3,1,254,11,64.34,0.6343,0.4355,0,346,9,53.44
1,3,165,7,58.13,0.5956,0.8476,1,247,5,51.66
3,1,162,8,0.0,0.0,0.3215,0,88,0,57.41
3,2,63,2,59.95,0.6292,0.3839,0,115,7,43.72
1,2,142,8,42.69,0.4562,0.8286,1,175,8,50.93
1,3,205,10,36.43,0.3574,0.8919,1,194,10,36.18
4,1,342,17,81.22,0.7341,0.8503,1,360,3,82.76
3,1,338,22,52.14,0.5363,0.6542,1,206,8,56.65
3,3,257,16,68.61,0.6231,0.6964,1,356,8,65.31
1,3,308,17,58.64,0.5213,0.8353,0,125,7,66.33
2,2,347,24,66.69,0.6354,0.4486,0,40,1,68.9
2,1,216,12,60.59,0.567,0.7078,1,215,3,66.15
2,3,136,9,51.19,0.4393,0.6819,1,70,7,52.09
3,1,163,6,44.63,0.4173,0.6325,1,300,2,40.43
3,2,66,3,59.46,0.6122,0.644,0,163,8,53.24
3,1,107,5,71.96,0.7471,0.5868,1,138,1,65.43
4,2,281,11,80.29,0.7333,0.6616,1,343,2,78.48
4,2,316,14,64.53,0.6235,0.6305,1,343,5,61.76
1,3,316,22,57.59,0.6187,0.8268,0,295,10,60.45
2,1,38,2,61.72,0.5709,0.8714,1,283,1,66.04
4,1,350,27,68.43,0.6898,0.5314,0,312,4,59.07
4,3,345,19,85.26,0.9125,0.7721,0,42,7,79.48
4,3,222,13,79.82,0.6939,0.7189,1,189,6,80.0
2,2,26,2,55.13,0.594,0.5936,1,256,3,56.13
2,3,237,10,67.01,0.7307,0.5564,1,98,8,66.45
1,2,340,17,47.21,0.4743,0.8089,1,335,2,56.59
4,3,56,2,72.93,0.6354,0.5682,1,210,4,72.17
4,1,151,7,67.34,0.7373,0.5848,1,174,8,62.15
3,2,248,16,76.05,0.78,0.5852,1,127,7,78.39
4,3,265,12,66.99,0.6044,0.5079,1,169,9,58.97
1,1,164,7,42.42,0.3715,0.4544,0,127,8,24.09
3,2,38,2,51.4,0.4896,0.6915,1,17,8,55.24
4,1,226,18,64.12,0.5974,0.3943,0,39,7,59.38
4,1,95,5,67.63,0.5788,0.9273,1,186,10,73.48
3,1,335,16,35.93,0.3418,0.3866,0,151,5,24.4
4,3,327,20,64.83,0.6615,0.887,1,244,7,66.21
2,2,205,9,58.5,0.5456,0.8187,0,292,2,60.62
1,1,276,12,40.96,0.4085,0.5876,1,150,2,28.63
4,2,344,20,71.15,0.7255,0.9678,1,325,4,79.21
2,3,289,17,0.0,0.0,0.5294,1,144,0,56.2
1,1,169,12,34.77,0.3233,0.7717,1,45,9,34.23
2,3,217,10,72.5,0.6454,0.5352,1,76,5,68.07
1,2,55,2,41.08,0.3702,0.5381,1,279,2,31.92
4,3,291,20,64.28,0.6913,0.9466,1,106,6,67.96
1,2,77,3,38.0,0.407,0.9962,1,113,9,40.91
2,1,169,12,41.58,0.3847,0.9022,1,230,10,50.05
1,3,334,13,56.17,0.5533,0.8421,1,44,1,62.72
1,3,236,12,57.85,0.605,0.9267,1,185,7,59.62
3,2,203,12,58.34,0.6271,0.8067,1,138,9,58.09
2,2,80,3,50.14,0.4741,0.4733,0,115,2,44.83
2,1,152,10,56.11,0.6148,0.8274,1,171,1,64.21
3,3,98,5,0.0,0.0,0.9001,1,226,0,68.54
1,2,188,9,36.96,0.3831,0.9075,1,254,1,37.1
4,2,312,12,68.41,0.7317,0.7268,1,37,4,63.86
2,3,192,8,61.2,0.573,0.5788,1,194,2,51.87
4,1,107,6,58.79,0.6124,0.5423,1,352,2,57.51
3,3,195,9,66.42,0.689,0.6381,1,211,1,61.38
3,2,153,6,59.66,0.5116,0.5037,0,165,2,56.05
2,3,212,13,45.96,0.493,0.7511,1,250,7,48.63
3,1,88,3,40.28,0.4177,0.8767,1,226,4,50.16
4,1,47,2,53.63,0.5494,0.6802,0,351,8,59.0
1,3,278,18,61.4,0.5854,0.4639,0,259,6,55.62
2,3,162,9,52.82,0.5603,0.6443,1,101,5,52.52
2,1,312,14,33.91,0.3662,0.84,1,226,7,32.27
4,3,208,9,73.77,0.7548,0.7079,1,223,1,75.58
3,1,314,20,60.38,0.5154,0.6852,1,71,3,64.99
4,1,131,6,65.36,0.7164,0.4434,0,200,6,61.65
3,2,335,19,69.21,0.6992,0.7838,1,169,9,73.31
4,3,271,13,66.26,0.6672,0.8698,1,53,8,60.62
1,2,107,5,0.0,0.0,0.6024,1,302,0,43.39
2,2,313,14,35.56,0.386,0.4549,0,310,6,30.16
1,1,80,3,37.99,0.3771,0.7126,1,248,1,40.49
3,3,202,13,75.51,0.6747,0.4037,0,223,6,65.57
4,1,257,15,57.14,0.5902,0.6344,0,168,9,56.32
3,1,43,2,58.57,0.608,0.7619,1,237,2,58.98
3,3,191,13,72.42,0.7581,0.5404,1,295,3,65.45
1,1,301,24,47.97,0.4941,0.8331,1,221,6,48.03
2,3,57,2,67.76,0.687,0.7192,0,248,1,57.99
2,3,225,12,60.25,0.6535,0.5876,1,47,6,61.76
2,1,322,17,39.98,0.3408,0.6761,0,322,5,37.46
3,1,140,7,57.28,0.5823,0.4105,0,138,3,55.33
3,1,193,11,60.67,0.604,0.9066,1,137,1,70.2
4,3,56,3,81.41,0.773,0.7671,0,328,1,82.81
3,3,106,4,55.56,0.605,0.5765,0,96,9,56.65
1,2,86,5,32.48,0.3227,0.6992,0,219,7,34.77
3,2,285,12,60.73,0.6618,0.9025,1,208,2,65.15
3,3,162,7,73.31,0.7802,0.4677,0,144,9,64.72
3,1,156,7,46.12,0.4448,0.9934,1,212,5,60.0
4,2,345,21,0.0,0.0,0.7913,1,56,0,77.55
4,3,252,13,68.93,0.6981,0.882,1,312,2,67.8
2,2,321,14,53.02,0.4711,0.7075,1,64,1,52.86
2,2,42,2,36.8,0.3531,0.3769,0,124,7,32.12
2,3,59,4,61.25,0.6152,0.7384,1,122,9,56.14
2,3,252,16,51.38,0.4849,0.5005,1,337,4,55.07
1,3,232,11,51.22,0.4981,0.931,1,109,5,51.03
1,2,158,9,44.49,0.4218,0.5028,1,184,7,42.65
3,2,278,12,70.14,0.7222,0.4946,0,267,3,63.08
2,2,133,5,66.94,0.6397,0.5639,1,149,2,56.13
4,3,313,19,0.0,0.0,0.9247,1,160,0,82.49
4,1,264,12,0.0,0.0,0.3387,0,306,0,55.5
1,1,188,12,34.4,0.3713,0.8154,1,264,7,35.73
2,3,350,14,74.26,0.6511,0.9732,1,203,8,77.16
4,1,127,5,60.63,0.5598,0.7708,1,139,5,56.51
3,3,59,4,54.25,0.509,0.874,1,305,9,58.52
3,1,117,7,52.93,0.5322,0.7948,1,359,7,57.95
2,3,302,14,69.44,0.7383,0.648,0,94,10,69.35
3,1,183,14,66.15,0.6556,0.7352,1,121,3,69.38
2,1,295,22,46.86,0.4869,0.8168,1,360,3,54.41
4,3,220,14,79.35,0.8486,0.6741,1,168,2,75.67
1,1,139,6,45.01,0.4292,0.9146,1,217,1,47.0
4,2,311,16,74.69,0.7774,0.5295,1,89,2,60.04
4,2,249,16,57.72,0.5175,0.5065,1,223,5,58.75
1,2,81,4,40.06,0.3576,0.7361,1,99,10,36.22
4,1,121,5,64.98,0.7063,0.5474,1,168,4,60.06
3,1,206,11,48.82,0.5337,0.9054,1,275,4,41.7
3,1,239,11,53.82,0.4726,0.9741,1,62,9,57.59
1,2,152,6,43.24,0.461,0.553,0,156,8,38.43
1,3,213,16,39.49,0.3882,0.7723,1,268,6,37.08
2,1,247,15,0.0,0.0,0.5667,0,270,0,50.03
4,1,201,11,72.1,0.7668,0.789,1,135,3,67.48
3,1,167,7,83.18,0.8866,0.8612,1,281,7,84.0
2,2,128,5,66.12,0.7266,0.954,1,247,4,67.51
4,1,286,12,61.96,0.6406,0.8617,1,102,6,63.19
2,3,309,18,52.2,0.505,0.876,1,365,4,57.62
2,1,337,24,63.86,0.6696,0.9666,1,124,9,69.93
2,3,225,15,57.79,0.5902,0.8662,1,266,3,60.84
3,1,301,15,59.94,0.6477,0.4437,0,11,5,53.18
1,1,128,5,43.51,0.4247,0.5954,1,351,2,36.15
3,2,321,14,80.44,0.7039,0.7519,1,233,8,76.63
2,1,212,16,64.86,0.5793,0.9536,1,170,6,62.41
2,2,249,14,68.06,0.739,0.3112,0,97,10,54.47
3,3,173,10,59.8,0.5402,0.5181,0,134,10,58.21
4,1,77,4,68.76,0.7167,0.4141,0,217,6,59.27
3,3,170,7,84.79,0.8266,0.8158,1,231,10,84.55
2,3,42,2,62.72,0.5485,0.8843,1,230,1,63.28
2,1,187,11,41.27,0.4282,0.6656,1,325,4,47.35
4,1,108,4,66.19,0.6675,0.7635,1,50,5,63.45
1,2,47,2,0.0,0.0,0.5142,0,13,0,33.76
3,2,251,16,51.09,0.4771,0.8171,1,64,10,60.67
2,2,167,12,0.0,0.0,0.8132,1,289,0,49.52
4,1,100,4,57.32,0.6177,0.9485,1,278,6,68.45
2,2,32,2,59.07,0.5969,0.5552,0,97,1,51.19
2,1,38,2,45.9,0.439,0.6263,1,183,10,43.01
2,1,280,12,34.62,0.3337,0.6784,1,43,4,38.75
2,2,321,22,0.0,0.0,0.59,1,353,0,75.85
2,1,285,14,47.35,0.4546,0.5018,1,90,10,44.11
4,3,48,2,0.0,0.0,0.614,1,79,0,63.31
3,3,332,20,0.0,0.0,0.8303,0,96,0,70.54
3,1,153,7,56.71,0.5938,0.4267,0,154,2,47.81
2,2,226,13,66.02,0.5866,0.8788,1,278,3,69.73
1,1,235,11,46.53,0.429,0.6229,1,75,1,41.89
3,1,195,7,64.12,0.6245,0.6215,0,171,4,53.89
1,3,274,19,0.0,0.0,0.7417,1,157,0,61.72
3,2,79,3,57.93,0.5105,0.9271,1,15,7,65.13
3,2,295,14,63.21,0.621,0.9667,1,116,8,61.8
4,2,232,13,0.0,0.0,0.6096,1,203,0,65.42
1,2,159,11,0.0,0.0,0.7716,1,108,0,59.62
4,3,103,6,61.66,0.646,0.7928,1,154,2,67.69
2,2,84,4,49.35,0.4601,0.6867,1,363,2,54.75
4,2,51,3,49.28,0.4716,0.7616,1,245,1,51.94
1,1,198,13,54.92,0.5808,0.615,1,323,6,52.48
2,1,208,13,61.17,0.5407,0.9246,1,31,5,58.73
3,1,117,5,63.9,0.5895,0.5465,1,140,8,50.16
4,3,164,7,78.33,0.7974,0.9281,1,28,3,73.7
1,3,238,13,62.41,0.6541,0.6682,1,255,1,61.33
4,1,41,2,61.12,0.5578,0.6028,1,215,10,52.16
1,1,290,12,0.0,0.0,0.5548,1,355,0,27.4
4,3,167,7,0.0,0.0,0.8567,1,92,0,75.61
4,3,257,11,55.13,0.5481,0.4762,0,246,10,39.82
2,1,60,4,46.33,0.4561,0.9984,1,224,4,45.55
2,2,192,8,60.88,0.6649,0.7934,1,70,2,60.68
2,2,298,16,49.7,0.4429,0.8369,1,42,10,52.24
3,1,203,9,55.78,0.5011,0.5309,1,152,8,42.71
2,2,296,18,59.22,0.5631,0.7465,1,73,9,56.98
3,2,305,14,69.08,0.588,0.6359,1,237,1,69.54
3,2,87,6,71.98,0.6681,0.7223,1,320,6,69.42
2,1,312,16,52.07,0.5017,0.4471,0,311,5,41.95
4,3,216,16,70.24,0.7585,0.5975,1,220,10,68.18
3,2,253,11,64.08,0.6786,0.97,1,134,5,71.38
4,1,190,13,71.53,0.7412,0.6562,0,312,9,76.93
4,2,86,4,72.52,0.7316,0.9642,1,20,3,75.51
3,1,218,8,0.0,0.0,0.3665,0,60,0,52.89
4,3,205,14,0.0,0.0,0.9953,1,239,0,75.56
4,1,191,15,61.67,0.5517,0.5786,1,321,4,66.8
2,3,305,15,54.98,0.522,0.584,1,234,7,47.79
1,1,61,3,40.0,0.3974,0.6545,1,225,3,39.46
3,2,52,2,79.79,0.7804,0.5224,1,114,6,61.24
4,3,80,4,84.01,0.721,0.6964,1,43,5,82.17
4,1,72,3,68.75,0.7245,0.6919,1,232,2,60.54
4,2,144,6,70.3,0.6463,0.826,1,364,2,76.91
3,1,196,13,47.91,0.4592,0.6026,0,16,2,41.37
3,3,290,23,69.41,0.6686,0.423,0,237,5,70.65
4,2,207,12,62.15,0.5468,0.9965,1,188,5,68.88
3,2,105,5,87.31,0.75,0.7464,1,146,5,86.13
2,2,325,16,54.66,0.5921,0.6986,1,87,8,53.42
4,1,221,10,65.41,0.6648,0.3481,0,310,5,57.56
3,1,324,22,53.43,0.4631,0.7272,1,111,8,58.73
3,2,35,2,63.44,0.6969,0.5798,1,111,9,66.29
1,2,166,7,40.72,0.428,0.6677,1,87,1,47.48
2,1,255,20,53.45,0.5225,0.5012,1,148,10,54.36
4,1,340,17,73.61,0.7363,0.6255,1,239,4,68.93
3,3,86,3,47.91,0.469,0.963,1,137,6,54.81
1,2,288,15,49.49,0.5262,0.7539,1,289,9,50.02
1,2,37,2,0.0,0.0,0.8705,1,365,0,61.04
1,2,138,8,39.72,0.389,0.7161,1,312,10,32.43
1,1,60,4,32.03,0.3435,0.5375,1,158,6,30.92
4,2,98,5,68.37,0.7018,0.6734,1,278,2,72.9
2,1,259,11,37.01,0.387,0.9507,1,174,4,38.44
1,1,101,8,34.94,0.3039,0.8725,1,199,3,34.36
4,3,86,3,71.5,0.7721,0.6055,1,156,6,74.45
3,1,316,15,64.5,0.5951,0.4489,0,30,6,49.34
3,1,91,4,75.68,0.8312,0.9895,1,292,3,74.02
4,2,236,17,80.68,0.8208,0.9074,1,195,3,79.12
4,1,283,13,67.45,0.6147,0.5181,1,122,5,59.38
3,2,97,4,43.73,0.428,0.7729,1,271,7,48.39
4,3,221,13,76.72,0.8277,0.571,1,244,9,77.08
4,3,300,19,77.93,0.754,0.4399,0,282,2,72.57
3,2,350,14,82.01,0.7038,0.8917,1,78,8,75.98
1,1,38,2,48.63,0.4494,0.5089,1,207,9,43.9
3,2,139,6,56.26,0.602,0.8483,1,328,10,58.73
1,1,147,6,41.49,0.4384,0.8315,1,228,1,50.06
1,2,241,11,38.45,0.3398,0.8097,0,50,4,41.28
1,2,153,10,57.85,0.6141,0.3098,0,53,7,47.15
4,3,202,9,71.43,0.6576,0.4165,0,125,3,55.58
2,1,277,15,54.93,0.5295,0.723,1,183,2,63.86
3,1,72,5,62.88,0.54,0.5948,1,127,4,64.4
4,3,283,12,67.06,0.7061,0.7114,0,351,2,65.82
2,2,282,12,59.04,0.6318,0.9761,1,135,4,66.12
2,3,52,3,57.5,0.5334,0.5308,0,350,5,50.89
3,2,252,12,54.91,0.6031,0.8937,1,120,8,56.66
4,3,318,19,79.88,0.8348,0.8926,1,79,4,85.86
3,3,249,17,60.57,0.5281,0.6069,1,259,10,66.48
4,1,323,19,63.05,0.582,0.9718,1,262,5,66.16
4,3,346,17,69.83,0.7061,0.3166,0,140,2,57.26
2,3,330,25,57.05,0.5305,0.6617,1,184,2,67.74
1,3,228,12,63.16,0.6639,0.504,1,145,10,54.79
3,3,164,11,50.76,0.4929,0.8206,1,364,2,56.58
3,3,90,4,63.02,0.6923,0.3684,0,247,8,53.99
2,3,136,5,57.77,0.5207,0.6638,1,231,4,47.84
4,2,252,17,65.26,0.6093,0.6613,1,115,2,73.56
1,1,249,12,47.09,0.4004,0.5375,1,361,4,34.86
1,2,68,2,29.67,0.2718,0.9437,1,221,9,30.42
4,3,71,3,74.24,0.6849,0.5145,0,266,2,64.32
1,1,103,6,26.89,0.2902,0.5722,1,195,3,36.63
3,3,219,11,56.83,0.5867,0.7801,1,57,5,55.82
2,3,139,6,47.51,0.4356,0.8746,1,46,4,40.78
2,3,336,22,55.28,0.5625,0.724,0,212,6,58.5
4,2,226,10,88.17,0.7578,0.8148,1,182,4,94.83
4,2,226,15,71.16,0.7313,0.8448,0,193,2,72.19
1,2,286,15,44.31,0.4774,0.4125,0,344,10,35.9
3,1,268,12,63.55,0.6404,0.6824,1,91,10,58.82
2,3,187,9,55.12,0.5646,0.6491,1,313,8,57.43
1,2,325,13,57.49,0.5762,0.548,1,159,6,50.57
4,1,50,2,60.76,0.6418,0.3708,0,270,9,56.34
2,2,105,8,55.22,0.5739,0.6436,1,194,6,57.79
2,3,336,13,57.23,0.5789,0.6247,0,221,8,57.41
1,2,211,12,26.37,0.2345,0.5027,0,76,9,17.01
4,3,38,2,69.04,0.613,0.728,0,100,6,71.81
2,1,249,13,49.86,0.4367,0.5969,1,316,7,44.62
2,2,294,14,49.06,0.4612,0.6764,0,276,7,48.91
2,1,87,3,40.8,0.4209,0.6005,0,286,5,35.75
3,2,38,2,59.07,0.5494,0.3008,0,338,5,51.02
4,2,158,10,54.18,0.4713,0.5923,0,290,6,57.26
4,3,176,10,70.21,0.6495,0.6383,1,303,5,71.59
4,1,100,7,73.03,0.7887,0.3629,0,48,6,62.77
4,2,130,6,69.64,0.6465,0.5823,1,317,10,67.82
3,1,154,8,61.39,0.5258,0.9546,1,298,6,58.87
3,2,325,17,75.08,0.6412,0.8707,1,172,3,75.07
1,3,177,9,39.24,0.3717,0.807,1,340,3,38.4
4,2,284,13,64.2,0.6857,0.6224,1,333,10,56.48
3,2,332,13,72.53,0.7831,0.6105,0,102,1,61.12
4,2,167,11,76.15,0.7439,0.7222,1,206,10,79.02
1,3,313,13,66.96,0.6247,0.9352,1,285,7,69.64
2,3,45,2,0.0,0.0,0.6618,1,16,0,47.84
1,2,142,8,58.25,0.6013,0.4233,0,165,8,52.25
2,2,265,19,45.39,0.4072,0.8158,0,38,2,46.56
3,1,128,7,49.35,0.536,0.9534,1,309,3,50.45
1,3,282,19,41.91,0.4185,0.7627,1,296,1,37.56
4,3,307,22,78.28,0.8492,0.6234,0,250,7,74.76
4,1,151,6,49.03,0.4672,0.8287,1,265,6,48.14
3,1,53,2,59.03,0.5086,0.8003,1,90,4,61.7
1,3,338,22,79.29,0.8107,0.4956,0,239,2,69.37
4,1,33,2,60.39,0.5776,0.5523,0,173,4,53.31
2,3,251,17,39.66,0.3684,0.7836,0,293,10,42.02
3,1,278,17,61.26,0.6442,0.8708,1,183,5,59.75
4,1,342,14,0.0,0.0,0.8704,1,22,0,61.78
3,1,234,11,55.49,0.4968,0.7674,1,172,7,57.65
4,1,118,6,71.76,0.712,0.8855,1,67,8,71.91
3,3,139,7,58.6,0.5335,0.7131,1,108,7,52.67
3,3,135,10,59.84,0.5392,0.8892,1,274,8,74.64
1,2,227,12,44.43,0.4236,0.7374,1,200,10,47.42
3,2,149,6,62.49,0.5809,0.8194,1,236,5,69.77
4,3,175,13,95.55,0.9767,0.7666,1,324,5,94.88
1,3,301,12,35.61,0.3332,0.878,1,251,5,37.72
2,1,83,6,45.07,0.3927,0.5568,0,165,4,41.77
4,1,292,14,64.24,0.5598,0.8148,1,233,6,58.46
1,1,166,9,43.08,0.4046,0.7794,0,169,10,41.66
2,1,345,18,62.55,0.6382,0.6922,1,320,6,56.65
3,3,203,9,72.81,0.7689,0.9602,1,125,10,74.54
2,2,174,9,45.19,0.4417,0.7423,1,278,2,49.08
2,1,176,7,48.27,0.4325,0.818,1,323,10,41.39
4,3,151,7,0.0,0.0,0.8648,1,143,0,62.53
1,2,306,13,62.89,0.6339,0.5522,1,15,8,52.96
4,1,321,17,63.22,0.5707,0.507,1,312,7,58.02
4,2,298,12,70.14,0.7466,0.6899,1,65,1,67.81
2,3,220,14,61.6,0.6664,0.5767,1,234,4,60.13
3,1,240,17,60.02,0.5694,0.5809,1,309,7,64.53
3,2,183,9,61.22,0.526,0.6102,0,268,5,57.23
4,1,137,10,60.05,0.5741,0.5862,1,52,5,58.22
3,2,195,15,51.49,0.4714,0.4019,0,143,4,44.83
2,3,237,10,65.98,0.5751,0.7867,1,68,4,62.28
2,3,155,7,57.25,0.6052,0.6316,0,290,7,56.83
4,2,109,6,65.74,0.5592,0.6407,1,356,2,58.45
1,2,163,13,34.53,0.3311,0.4938,0,154,2,32.54
4,1,310,21,68.78,0.6204,0.5614,1,362,6,62.26
3,2,205,13,66.3,0.7079,0.8864,1,256,2,69.29
1,3,165,8,67.59,0.6486,0.5756,1,106,8,58.18
2,2,341,23,71.38,0.7739,0.6241,1,218,8,67.16
2,1,234,17,57.55,0.5311,0.6679,1,269,7,55.56
1,3,222,11,42.92,0.4335,0.6471,1,361,7,45.13
3,3,337,23,77.68,0.784,0.9941,1,216,1,88.5
4,3,27,2,80.28,0.7285,0.9488,1,340,5,78.05
1,1,63,3,48.89,0.4885,0.6512,1,116,3,41.8
2,1,74,3,62.27,0.5913,0.9089,1,90,1,60.77
1,1,330,22,55.05,0.5525,0.9775,1,46,8,54.95
1,2,148,7,56.61,0.6098,0.623,1,54,8,51.69
1,1,218,9,0.0,0.0,0.923,1,130,0,35.47
3,2,44,2,63.55,0.6688,0.976,1,292,6,62.15
2,1,78,3,68.01,0.7469,0.8271,0,228,8,70.33
2,2,47,2,60.59,0.52,0.74,1,324,2,58.68
4,3,339,14,76.17,0.6545,0.7388,1,191,1,78.11
4,2,216,17,87.87,0.9145,0.9048,1,93,8,98.83
1,2,266,10,0.0,0.0,0.9868,1,52,0,80.69
3,1,30,2,53.57,0.4588,0.765,0,350,2,53.1
1,2,28,2,62.23,0.6088,0.8266,1,329,10,63.2
2,1,297,21,57.8,0.627,0.7316,0,116,5,58.61
2,2,156,12,58.93,0.5375,0.9229,1,161,4,66.36
4,2,284,14,74.25,0.6981,0.773,1,39,4,66.23
2,3,163,7,48.16,0.51,0.7632,0,194,3,57.38
3,3,197,10,83.77,0.8153,0.781,0,265,8,82.59
1,3,121,8,31.99,0.3354,0.9957,1,266,2,39.72
1,2,216,10,56.22,0.537,0.3268,0,169,9,42.93
2,1,192,13,54.89,0.5999,0.6119,0,49,6,54.13
4,3,229,10,78.33,0.7111,0.6464,1,291,3,73.94
1,1,268,20,49.41,0.4565,0.8692,1,33,7,56.44
3,1,210,16,46.18,0.4616,0.5028,1,180,1,43.94
2,3,208,14,68.14,0.6421,0.7161,1,195,6,67.95
2,2,39,2,71.39,0.7508,0.8917,1,202,2,70.86
4,2,192,8,0.0,0.0,0.6196,0,108,0,62.44
4,2,66,3,81.25,0.7919,0.3707,0,263,9,70.29
4,3,108,6,66.99,0.6223,0.9563,1,329,1,73.94
1,2,308,13,27.74,0.2958,0.3367,0,93,1,17.95
3,1,281,17,73.69,0.7897,0.7198,1,48,5,78.46
4,1,265,11,65.26,0.5548,0.7986,1,168,4,65.08
3,3,27,2,0.0,0.0,0.8248,1,56,0,80.28
4,2,39,2,70.86,0.7175,0.3569,0,74,3,58.02
1,3,292,14,58.49,0.6343,0.7351,1,204,10,57.94
3,2,316,24,66.12,0.7157,0.6454,1,76,10,68.25
4,3,101,4,67.92,0.6123,0.5863,1,348,1,65.02
1,1,187,7,62.23,0.5906,0.6374,1,280,10,51.68
1,3,242,10,59.55,0.5179,0.6309,1,38,4,55.82
2,3,203,15,54.81,0.55,0.8056,0,226,5,61.63
4,2,242,15,72.83,0.7914,0.6352,1,171,3,69.71
1,2,172,12,60.27,0.5839,0.8266,1,124,3,62.47
4,3,148,7,73.2,0.7317,0.8195,1,284,10,72.06
4,3,256,11,0.0,0.0,0.7404,0,279,0,70.58
2,1,190,9,56.37,0.5692,0.9189,1,133,4,56.3
3,3,336,18,80.36,0.7019,0.8859,1,89,6,79.34
3,1,272,12,77.75,0.6704,0.8976,1,119,5,76.43
1,3,192,9,47.84,0.4837,0.6792,1,299,8,46.7
1,2,206,16,40.23,0.3906,0.7511,1,281,5,47.25
4,2,283,22,81.2,0.8191,0.3423,0,335,3,71.35
1,1,43,2,21.68,0.2292,0.5888,1,259,10,13.3
1,3,297,11,55.74,0.5019,0.575,1,351,10,49.42
1,2,96,4,57.2,0.5975,0.6048,1,51,2,54.89
4,1,202,16,67.02,0.6965,0.7123,1,362,3,72.58
4,3,72,4,94.52,0.9208,0.5943,1,113,2,86.65
4,2,117,4,75.75,0.6725,0.5926,1,234,1,68.54
2,2,285,15,60.16,0.618,0.6712,1,349,9,54.92
3,1,26,2,64.52,0.6676,0.7472,1,320,9,75.02
2,2,275,18,59.67,0.5591,0.5863,0,330,9,60.9
1,1,323,23,60.1,0.6443,0.6606,0,35,3,61.49
1,1,47,3,38.61,0.3673,0.9773,1,157,4,43.31
2,1,96,4,36.04,0.388,0.8927,1,278,2,42.24
3,3,319,19,68.71,0.7268,0.564,0,279,9,71.52
4,3,130,7,79.26,0.6958,0.8703,1,105,2,84.24
2,2,341,13,44.31,0.3998,0.3587,0,128,9,38.76
3,2,331,17,65.93,0.6656,0.7188,1,128,3,66.33
1,1,56,2,49.61,0.4547,0.7633,0,170,9,43.4
4,1,32,2,76.07,0.826,0.927,1,145,3,78.23
1,3,309,13,65.39,0.6624,0.8458,0,39,9,62.98
3,2,271,13,61.83,0.6053,0.6096,1,45,8,48.97
3,2,145,9,0.0,0.0,0.5081,1,220,0,60.98
4,3,230,15,72.87,0.6359,0.9935,1,230,3,76.43
3,2,137,11,27.67,0.2933,0.5285,1,259,3,31.92
4,3,135,7,81.75,0.8282,0.3536,0,285,10,65.34
1,2,214,11,0.0,0.0,0.9032,1,210,0,43.74
3,1,177,10,69.48,0.6531,0.6606,1,227,4,66.17
3,1,196,9,46.69,0.4417,0.7206,1,335,3,47.7
4,1,42,2,59.07,0.5915,0.6569,1,174,7,58.51
1,3,237,12,67.93,0.6245,0.9757,1,238,4,76.68
1,3,253,16,56.13,0.4849,0.6808,1,53,2,55.15
3,3,168,13,58.08,0.5007,0.823,1,171,2,61.93
2,1,37,2,44.63,0.4768,0.8146,1,36,4,44.45
4,3,155,6,63.58,0.692,0.7596,1,12,4,61.53
3,1,36,2,59.65,0.6,0.896,1,161,6,66.79
4,2,169,6,78.01,0.7763,0.4551,0,227,8,69.06
1,1,123,6,47.2,0.4117,0.5853,1,64,7,42.98
4,2,55,2,81.24,0.7653,0.5112,1,133,1,77.87
4,1,279,18,72.14,0.7844,0.8831,1,348,10,80.03
4,1,76,3,62.09,0.6484,0.4361,0,308,3,53.0
2,2,182,7,55.52,0.5125,0.7097,1,197,1,55.93
2,2,302,20,52.45,0.5631,0.3484,0,133,8,49.43
3,3,167,7,59.23,0.589,0.6623,1,304,9,54.07
1,3,178,7,58.61,0.6436,0.3027,0,348,9,49.52
3,2,145,6,76.81,0.7605,0.7516,1,296,9,78.45
1,3,269,15,67.2,0.6843,0.9014,1,302,10,69.96
1,2,152,9,47.57,0.506,0.7117,1,285,2,53.73
4,2,246,14,61.07,0.6342,0.5408,1,71,6,50.28
2,2,154,11,40.14,0.3525,0.7897,1,17,9,41.18
3,2,319,23,59.67,0.5631,0.8668,1,118,10,69.35
4,2,48,2,60.03,0.5825,0.5555,1,27,4,49.94
3,2,53,3,65.72,0.7222,0.8486,1,194,5,68.91
3,1,342,16,61.1,0.5395,0.815,1,261,8,69.63
3,2,207,12,72.15,0.7413,0.6952,1,354,5,71.46
3,3,164,6,0.0,0.0,0.9914,1,23,0,80.11
2,1,255,18,55.73,0.5706,0.514,0,177,7,54.09
4,1,164,7,71.57,0.7399,0.7132,1,216,2,74.35
4,3,301,24,75.2,0.7673,0.7705,1,338,10,82.97
3,1,271,13,57.64,0.6055,0.612,1,263,6,58.1
3,1,167,9,59.6,0.5162,0.4062,0,358,6,48.99
4,3,266,11,73.4,0.7353,0.5496,1,320,5,67.8
4,3,56,3,76.45,0.7778,0.3348,0,120,8,67.55
3,3,270,16,61.61,0.6517,0.9302,1,99,2,67.22
3,1,307,25,49.89,0.5373,0.559,1,365,6,48.14
2,3,159,12,59.46,0.6527,0.7766,1,316,1,68.24
3,3,203,15,62.66,0.5622,0.7475,0,40,1,63.93
3,3,246,12,85.78,0.7622,0.9636,1,106,4,89.46
4,2,171,7,63.33,0.6134,0.6532,1,291,8,62.44
3,1,116,4,59.19,0.6201,0.5397,1,242,7,47.41
4,1,208,16,57.21,0.5497,0.639,1,345,5,61.72
3,3,263,18,62.6,0.6446,0.7437,1,133,8,67.14
3,3,65,2,55.09,0.5381,0.7489,1,285,8,49.24
4,3,251,14,79.3,0.7923,0.9786,1,205,2,81.31
3,1,187,10,73.88,0.6313,0.3426,0,14,1,63.46
4,1,168,11,60.37,0.582,0.59,1,196,3,52.74
3,3,227,15,73.41,0.6624,0.3347,0,50,5,67.37
1,1,214,12,36.65,0.399,0.4204,0,39,3,29.8
1,3,261,16,46.0,0.4323,0.901,1,129,3,50.76
1,1,252,17,58.14,0.5285,0.9056,1,347,3,71.8
1,1,173,8,55.89,0.6119,0.579,1,91,6,54.88
3,1,131,6,68.1,0.6248,0.7132,1,216,5,74.46
3,1,163,10,64.44,0.6812,0.7565,0,25,8,58.46
1,2,186,8,49.38,0.5071,0.664,1,331,1,40.57
2,2,232,11,68.38,0.6281,0.8783,1,258,3,64.47
4,2,282,12,77.47,0.7313,0.675,1,149,5,75.71
3,1,223,11,62.32,0.5944,0.7009,0,261,4,57.12
3,2,106,5,69.41,0.6089,0.609,0,59,7,64.43
1,1,315,17,48.44,0.4791,0.869,1,205,5,56.32
3,1,71,2,67.03,0.6948,0.9622,1,84,4,64.15
1,3,300,23,40.46,0.4267,0.668,0,346,5,40.05
4,1,341,14,62.38,0.5369,0.3345,0,298,7,49.64
2,1,252,10,41.67,0.3553,0.5389,1,145,10,37.33
2,2,140,7,53.44,0.5594,0.8686,1,359,10,56.66
4,1,190,15,64.74,0.6849,0.8789,1,66,7,72.85
1,1,308,20,57.67,0.5312,0.7283,1,62,8,58.53
4,2,48,2,70.09,0.723,0.5884,1,129,7,66.03
3,3,30,2,68.36,0.717,0.3871,0,100,9,63.15
2,1,241,9,41.06,0.4196,0.8389,1,62,7,37.63
2,3,324,14,54.56,0.5576,0.8866,1,312,4,58.13
1,1,115,5,28.94,0.2553,0.7075,1,17,2,30.72
1,1,44,2,39.66,0.4239,0.326,0,344,6,23.9
1,1,215,8,43.61,0.3822,0.541,0,203,9,44.7
1,2,318,18,45.53,0.4486,0.9367,1,108,5,43.64
2,2,149,6,71.37,0.6324,0.3815,0,177,6,62.35
3,2,35,2,76.97,0.6578,0.9004,1,247,4,83.14
4,1,299,12,60.94,0.633,0.8199,1,233,10,52.61
4,2,148,6,60.11,0.5457,0.3032,0,230,9,54.1
3,3,237,19,64.39,0.6485,0.6919,1,299,8,67.03
2,2,170,10,50.43,0.5519,0.9736,1,293,9,54.08
4,1,89,4,60.15,0.5798,0.5568,1,106,8,55.65
1,3,347,15,54.63,0.5866,0.9754,1,261,1,56.64
1,3,169,11,65.83,0.5867,0.5013,1,93,4,61.99
3,2,96,3,66.03,0.5733,0.9492,1,69,5,67.38
4,1,72,3,61.44,0.6728,0.8598,1,72,8,65.2
2,3,296,14,55.35,0.5415,0.5463,1,158,1,52.63
1,2,157,7,0.0,0.0,0.8675,1,201,0,56.36
2,1,103,5,60.46,0.5988,0.792,1,239,9,63.63
2,3,46,2,46.58,0.4745,0.412,0,34,2,35.44
4,1,235,10,70.35,0.7409,0.5624,0,322,7,63.99
3,3,299,12,81.07,0.8041,0.6947,1,157,1,79.37
2,2,204,9,52.25,0.5407,0.9845,1,153,3,55.91
3,2,41,2,60.22,0.56,0.4615,0,129,9,55.08
1,3,254,12,22.83,0.2071,0.8798,1,75,9,27.58
2,1,132,8,56.54,0.5783,0.8795,1,63,3,54.61
2,2,38,2,48.46,0.4126,0.6226,1,289,10,46.79
4,2,45,2,66.32,0.5891,0.3881,0,171,10,51.85
4,2,128,7,0.0,0.0,0.9855,1,258,0,77.25
2,1,122,5,0.0,0.0,0.5148,1,321,0,49.63
2,2,262,14,42.08,0.4127,0.5693,1,11,10,35.98
4,1,114,6,61.23,0.5308,0.9737,1,208,10,68.04
4,3,293,22,70.95,0.732,0.3945,0,354,2,67.16
3,2,241,12,66.82,0.6812,0.5784,1,156,1,62.61
4,3,251,20,79.59,0.7188,0.5022,1,289,1,78.83
3,3,258,13,0.0,0.0,0.8992,1,149,0,76.71
2,1,187,9,61.08,0.6591,0.6934,1,103,7,55.82
1,2,241,11,51.13,0.5164,0.7383,1,360,6,54.03
3,1,309,25,48.68,0.4679,0.8366,0,181,3,53.91
4,1,89,5,50.65,0.5563,0.7326,0,173,8,50.13
4,3,348,16,74.42,0.7655,0.5835,1,71,3,73.39
4,1,163,8,54.71,0.4987,0.7484,1,288,9,60.85
2,2,205,10,67.58,0.6551,0.516,1,168,9,62.3
4,3,165,7,57.5,0.5053,0.6472,1,207,6,55.0
2,1,286,13,34.43,0.3222,0.7966,0,349,6,36.7
3,3,241,13,58.18,0.5025,0.5676,1,225,2,54.6
4,3,37,2,76.26,0.6681,0.7191,1,129,4,68.95
2,1,340,24,49.72,0.4979,0.5776,1,341,3,43.45
3,2,120,6,50.23,0.5504,0.4982,0,200,6,41.75
1,3,184,12,59.26,0.6271,0.7052,1,256,10,55.21
2,3,41,3,54.19,0.4807,0.9309,1,209,1,58.33
4,1,170,8,0.0,0.0,0.9286,1,13,0,67.53
4,2,328,14,68.68,0.7075,0.3528,0,275,4,61.92
3,2,276,12,80.31,0.8213,0.5021,1,341,10,69.37
2,2,306,15,68.74,0.594,0.5991,1,65,7,60.94
4,2,229,11,67.46,0.5811,0.8136,1,357,1,63.05
1,1,278,21,29.52,0.2618,0.3123,0,148,10,22.94
2,1,156,10,79.28,0.802,0.7069,1,81,9,85.87
3,1,188,7,47.97,0.5097,0.8478,0,17,4,48.52
2,3,205,14,53.84,0.53,0.6796,1,337,8,56.64
3,3,120,9,56.46,0.503,0.7647,1,94,1,56.12
2,1,165,7,0.0,0.0,0.623,1,78,0,47.14
4,2,172,11,64.3,0.6419,0.8396,1,278,2,63.11
4,3,169,7,0.0,0.0,0.9284,1,251,0,83.17
4,3,165,6,76.57,0.7922,0.8307,1,161,7,79.22
1,3,346,14,50.17,0.5356,0.628,0,236,10,44.45
2,3,285,20,55.18,0.5049,0.5765,0,226,9,56.75
3,3,50,2,65.9,0.6069,0.5009,1,339,2,54.21
1,2,295,13,59.16,0.6348,0.5585,1,85,3,65.24
2,2,53,2,61.89,0.6331,0.5101,1,343,7,55.54
2,3,193,9,81.1,0.7988,0.9582,1,176,4,92.55
1,3,88,6,18.83,0.1635,0.3393,0,211,2,9.91
1,2,156,10,61.65,0.5575,0.9858,1,36,7,64.77
4,1,37,2,64.69,0.6666,0.9663,1,207,10,68.24
4,1,155,7,64.07,0.5691,0.748,1,278,3,64.4
1,2,287,14,48.35,0.4402,0.7586,1,263,10,48.08
2,3,326,16,46.17,0.486,0.6386,1,65,3,50.75
2,3,316,22,64.24,0.6103,0.6326,0,61,2,57.49
1,2,333,15,67.5,0.6491,0.9156,1,262,5,74.58
1,2,123,5,32.66,0.3573,0.9704,1,126,1,43.15
3,2,193,8,66.47,0.5808,0.6804,1,35,1,62.68
2,1,47,3,48.1,0.4598,0.8856,1,192,8,61.74
4,1,27,2,59.47,0.5817,0.9373,1,225,10,67.74
2,1,135,5,50.21,0.5506,0.7016,0,249,6,40.98
2,3,279,17,42.91,0.4624,0.7379,1,109,6,41.83
1,1,158,7,40.18,0.3957,0.661,0,237,3,36.1
1,2,178,11,62.1,0.5457,0.6878,1,148,9,69.14
3,3,221,15,40.89,0.416,0.5032,1,304,4,46.84
2,2,253,10,54.14,0.5851,0.707,1,179,1,47.21
1,3,81,3,44.57,0.4178,0.5593,1,25,2,39.02
4,2,91,3,67.36,0.6194,0.7071,1,49,7,65.58
4,2,29,2,60.96,0.5265,0.6361,1,10,5,64.16
2,2,215,13,53.67,0.5124,0.8849,1,212,6,55.24
3,3,96,4,62.55,0.6067,0.8823,1,182,7,67.86
1,3,102,6,0.0,0.0,0.6485,1,228,0,51.8
3,3,273,13,66.63,0.7247,0.9249,1,246,6,61.99
2,1,176,12,51.52,0.438,0.7641,1,335,9,54.1
2,1,319,14,52.37,0.5079,0.5252,1,213,6,48.14
1,2,260,20,41.81,0.3615,0.5531,0,303,9,38.21
4,3,245,11,52.12,0.4967,0.8115,0,208,1,50.93
1,3,60,2,39.17,0.3922,0.6095,1,272,2,31.33
3,3,265,14,47.92,0.4256,0.7276,1,328,9,51.03
4,3,245,9,65.28,0.7159,0.5937,1,129,7,68.98
1,3,250,19,53.02,0.5289,0.5578,1,109,5,59.59
2,2,69,5,51.59,0.4878,0.7609,1,43,5,53.7
2,2,232,14,61.81,0.6508,0.432,0,50,9,52.68
4,2,110,5,76.85,0.7802,0.785,1,337,3,77.39
1,1,85,3,77.98,0.8046,0.6906,1,307,9,74.46
1,1,49,3,48.44,0.4458,0.885,1,359,4,51.13
1,3,139,6,41.84,0.3653,0.813,1,47,2,44.79
2,2,52,4,52.93,0.5616,0.8391,1,337,8,54.7
1,2,182,7,65.58,0.6759,0.5623,0,248,6,54.63
2,3,234,9,66.55,0.574,0.6711,1,275,7,57.43
2,2,30,2,39.36,0.3926,0.8508,1,100,10,47.99
3,1,67,3,63.22,0.6741,0.4912,0,295,8,54.11
2,3,183,9,58.92,0.5958,0.4488,0,187,10,47.66
2,1,318,25,0.0,0.0,0.7737,0,216,0,58.14
2,1,93,3,56.92,0.6147,0.8799,1,38,7,48.82
2,2,284,19,50.96,0.4804,0.453,0,285,9,44.63
2,1,85,6,58.84,0.6263,0.801,1,61,10,57.92
1,1,343,17,44.82,0.4089,0.6024,1,195,5,37.15
1,3,149,11,45.9,0.4931,0.5748,1,122,5,50.54
2,1,129,6,59.3,0.5524,0.7759,1,261,7,51.21
2,1,157,6,50.5,0.5266,0.5221,1,166,5,44.39
3,1,268,11,57.6,0.5422,0.7203,1,102,8,57.24
2,3,244,10,56.9,0.5733,0.7533,1,247,2,55.7
1,2,205,10,41.4,0.3729,0.5413,1,219,10,37.81
4,2,214,14,70.05,0.7068,0.5122,1,120,2,71.27
3,2,269,11,56.41,0.5777,0.8681,1,55,6,51.9
2,2,266,21,0.0,0.0,0.8451,1,180,0,74.68
2,3,306,14,77.71,0.8156,0.8274,1,124,1,80.77
4,2,256,12,73.33,0.7125,0.6349,1,157,5,63.56
3,1,221,15,67.81,0.6023,0.9384,1,115,2,73.81
3,3,162,7,46.43,0.4395,0.3313,0,48,2,35.31
4,1,328,14,68.93,0.6902,0.5371,1,206,3,62.54
2,3,97,7,54.08,0.5584,0.6817,0,258,2,51.35
3,3,54,3,52.23,0.4688,0.5071,0,180,10,43.7
4,1,186,9,50.49,0.4384,0.3925,0,280,10,42.13
1,3,288,13,63.98,0.6936,0.7626,1,56,8,64.04
1,2,330,15,49.06,0.5127,0.5147,1,342,3,43.31
3,3,164,11,59.89,0.5292,0.4091,0,230,7,59.34
4,2,238,16,61.87,0.6717,0.538,1,268,8,57.63
1,2,148,11,62.92,0.6896,0.7441,1,202,9,55.69
2,1,309,22,0.0,0.0,0.5891,0,251,0,47.9
1,3,141,10,62.98,0.6443,0.5037,1,39,2,58.01
2,3,275,14,61.79,0.6468,0.3978,0,135,7,54.96
3,3,303,15,53.07,0.4733,0.5122,1,143,1,50.27
1,2,110,4,46.26,0.4572,0.5048,1,186,1,36.9
1,1,260,13,69.98,0.6643,0.5781,1,288,2,65.42
1,1,41,2,52.88,0.5357,0.9236,1,315,9,53.47
3,2,340,19,68.61,0.663,0.57,0,28,3,62.79
3,2,307,25,80.03,0.8183,0.6754,1,133,3,85.38
1,2,120,6,48.82,0.5179,0.6889,1,71,5,46.63
4,1,63,2,82.23,0.7196,0.3691,0,312,5,67.67
2,2,25,2,57.76,0.5729,0.7074,1,132,1,60.57
2,3,140,6,77.01,0.8387,0.639,1,123,8,68.75
1,3,30,2,41.69,0.4254,0.5219,1,168,8,43.67
4,3,225,13,0.0,0.0,0.4406,0,334,0,67.7
3,2,173,10,51.91,0.5247,0.5761,0,340,4,49.21
2,1,26,2,54.78,0.5932,0.7093,0,314,5,57.19
1,2,200,14,49.0,0.5298,0.9518,1,252,9,52.57
3,2,73,3,55.23,0.5574,0.973,1,110,10,59.24
4,2,350,18,61.47,0.5992,0.5051,1,11,10,53.52
4,1,40,2,84.97,0.7826,0.6477,1,139,6,79.37
3,1,265,19,49.97,0.5417,0.6686,1,42,9,56.9
3,2,32,2,0.0,0.0,0.6455,0,19,0,62.18
3,2,265,18,53.39,0.4718,0.5695,1,140,5,60.48
2,2,337,27,53.15,0.5767,0.5283,1,277,8,57.97
3,2,46,3,69.14,0.6071,0.5353,0,95,3,69.46
2,2,128,6,63.96,0.5738,0.7251,1,105,1,65.55
3,2,60,3,63.63,0.5802,0.807,1,189,4,63.86
3,3,121,6,71.22,0.7398,0.7031,1,332,3,70.17
2,3,241,11,54.54,0.5743,0.9713,1,155,5,59.99
4,2,270,15,58.14,0.5749,0.5848,1,34,7,52.02
1,3,64,3,43.93,0.4794,0.5776,1,249,4,50.16
1,3,246,18,44.73,0.4385,0.8824,1,64,2,51.24
2,2,195,14,72.26,0.7712,0.7047,1,298,3,80.15
1,3,313,14,49.89,0.4285,0.765,1,115,8,52.66
1,2,124,10,22.25,0.2299,0.9059,1,126,6,35.14
3,1,268,14,70.3,0.7017,0.9355,1,307,6,74.29
1,2,31,2,44.68,0.4193,0.9858,1,166,1,51.69
3,3,327,13,73.79,0.7914,0.55,0,232,1,58.22
3,1,84,3,58.25,0.5553,0.6572,1,246,10,61.8
2,3,141,9,52.46,0.4746,0.9739,1,260,7,56.7
1,3,45,2,45.68,0.4997,0.6328,1,360,6,37.17
2,2,228,12,73.18,0.6495,0.7535,1,206,3,70.95
4,1,206,9,58.58,0.614,0.4474,0,131,10,50.0
4,3,135,7,76.12,0.6556,0.3414,0,144,8,65.5
3,3,271,12,70.1,0.6176,0.8493,0,246,6,67.94
4,1,261,13,70.35,0.7269,0.6403,1,175,3,73.59
4,2,256,10,66.77,0.6337,0.7962,1,217,3,65.85
4,1,32,2,54.91,0.5385,0.6118,1,109,10,56.16
3,2,284,13,58.09,0.4952,0.5236,1,357,1,61.45
3,1,91,5,47.96,0.5043,0.5898,0,97,6,40.45
3,3,218,17,62.7,0.6009,0.444,0,109,8,64.44
1,3,93,4,64.97,0.6722,0.9978,1,166,9,64.96
1,3,293,13,64.83,0.5642,0.7062,1,307,3,65.2
2,3,233,12,46.72,0.4209,0.7004,0,342,1,47.97
4,3,310,23,73.2,0.7428,0.6786,0,283,1,82.89
2,1,228,12,53.88,0.4649,0.577,0,47,6,52.77
4,2,31,2,59.92,0.5801,0.8455,1,138,7,77.07
1,1,325,24,44.64,0.4394,0.5809,0,134,7,38.17
3,3,315,21,0.0,0.0,0.9464,1,104,0,78.58
1,2,242,12,31.73,0.3311,0.8646,1,134,3,33.88
2,1,286,16,41.07,0.3579,0.9447,1,91,10,44.65
4,2,307,24,67.95,0.584,0.6871,0,49,10,69.48
2,3,175,9,58.17,0.4998,0.8786,1,75,2,59.99
3,2,120,8,60.85,0.582,0.8097,0,76,7,66.1
4,2,237,9,71.38,0.7158,0.6659,1,43,3,66.65
1,2,209,9,43.97,0.4341,0.979,1,222,4,47.19
4,3,215,12,75.97,0.8179,0.6768,1,185,1,69.77
4,3,210,10,72.18,0.6557,0.8351,0,272,9,75.69
2,2,314,13,58.93,0.6127,0.6887,1,154,3,55.59
1,1,204,8,49.43,0.4351,0.7585,1,326,6,49.06
3,3,228,10,0.0,0.0,0.7191,1,220,0,45.49
2,1,285,11,0.0,0.0,0.7454,1,56,0,48.2
2,2,29,2,36.36,0.3381,0.5076,1,221,6,37.43
4,1,278,12,64.07,0.6533,0.6424,0,26,8,63.79
2,3,173,12,0.0,0.0,0.8173,0,201,0,52.42
4,2,291,17,68.86,0.6109,0.3059,0,351,10,52.27
1,2,226,17,56.22,0.5514,0.9783,1,155,5,61.78
1,1,39,2,43.63,0.4611,0.9869,1,355,6,52.25
2,1,250,14,0.0,0.0,0.5823,1,159,0,36.61
4,3,327,24,64.46,0.6592,0.6935,1,327,1,69.96
4,2,210,13,0.0,0.0,0.5953,1,102,0,56.87
4,1,293,15,63.95,0.5932,0.9763,1,311,10,63.14
1,3,263,12,58.32,0.5379,0.5305,0,124,8,52.47
3,3,95,4,61.41,0.5405,0.6206,1,240,6,51.76
2,3,335,22,0.0,0.0,0.8439,1,160,0,51.54
2,1,126,8,70.6,0.7079,0.3225,0,104,5,66.94
3,2,310,16,58.88,0.5089,0.9706,1,188,3,56.7
2,2,62,3,66.67,0.6141,0.5671,0,257,5,62.27
4,2,128,5,54.19,0.4974,0.7397,1,249,2,58.23
3,2,256,13,69.66,0.6975,0.835,1,93,1,70.33
3,2,295,21,81.45,0.7833,0.978,1,130,9,82.67
3,3,291,16,54.35,0.5439,0.7213,0,275,8,52.75
4,1,177,13,61.52,0.5727,0.6987,0,329,3,62.86
3,2,158,8,62.4,0.5869,0.8632,1,255,2,68.31
4,1,260,11,72.71,0.7179,0.5274,1,172,2,73.43
2,3,88,3,56.67,0.5591,0.9703,1,25,6,55.2
2,2,336,16,42.18,0.4538,0.8234,1,283,10,36.77
4,2,40,2,66.29,0.7024,0.5867,1,175,9,60.83
4,2,269,12,68.85,0.7183,0.9072,1,57,4,75.66
4,1,290,16,52.33,0.5449,0.535,1,129,6,52.87
2,3,86,5,50.29,0.4454,0.5649,1,360,3,47.36
3,1,337,22,44.6,0.4423,0.8889,1,125,6,57.29
4,2,152,6,80.24,0.8124,0.566,1,344,9,67.57
1,1,115,4,46.45,0.4538,0.9586,1,355,9,51.28
2,1,189,15,47.13,0.4424,0.8095,1,316,10,57.21
2,1,121,9,59.23,0.644,0.5614,1,170,5,60.07
4,2,99,5,64.0,0.6108,0.8258,1,99,8,59.26
2,1,140,9,44.34,0.4113,0.3515,0,147,5,43.62
3,2,67,3,48.71,0.5291,0.9206,1,196,10,52.98
1,1,134,10,55.35,0.5919,0.6229,1,102,4,55.33
4,2,349,13,69.23,0.7098,0.6407,1,42,5,69.71
1,1,302,19,53.41,0.4888,0.5381,1,318,6,53.28
2,3,83,3,77.48,0.6993,0.606,1,337,10,73.03
4,1,297,14,72.01,0.7015,0.5423,1,137,6,61.55
3,3,62,4,61.01,0.6367,0.6366,1,55,4,54.35
1,2,299,12,48.88,0.4578,0.8844,1,223,2,49.57
3,1,36,2,69.5,0.6656,0.8207,0,188,10,69.16
4,1,193,12,0.0,0.0,0.4736,0,149,0,50.13
3,2,90,4,69.15,0.6888,0.8011,0,117,5,68.43
1,3,266,13,45.94,0.3922,0.8423,1,307,3,44.75
3,3,348,23,67.32,0.6376,0.482,0,196,2,60.93
3,3,220,9,65.49,0.606,0.6923,1,186,8,58.39
2,1,329,21,41.17,0.353,0.5397,1,286,9,36.65
3,2,120,5,53.32,0.5786,0.7656,0,184,8,46.16
2,3,253,13,0.0,0.0,0.5356,1,318,0,49.94
3,2,350,16,0.0,0.0,0.8768,1,184,0,62.47
3,3,218,10,0.0,0.0,0.9561,1,239,0,70.55
4,2,291,16,81.42,0.8693,0.5173,1,184,5,76.3
2,1,324,13,59.65,0.6533,0.3115,0,214,7,47.62
3,2,278,19,52.31,0.5485,0.8895,1,16,2,56.13
4,1,66,2,53.89,0.5421,0.5604,1,102,10,51.4
4,2,117,5,76.2,0.8011,0.5627,1,231,10,71.0
1,3,240,15,48.87,0.5365,0.7866,1,187,1,55.07
3,1,37,2,77.31,0.8044,0.6583,0,48,1,67.46
4,1,116,8,54.62,0.5994,0.5297,1,262,2,53.52
4,2,162,10,0.0,0.0,0.5121,1,161,0,83.69
2,1,228,12,76.7,0.7252,0.9927,1,252,3,85.28
1,1,56,3,37.03,0.3367,0.7642,1,326,10,36.76
1,1,55,3,59.39,0.5747,0.9159,1,33,9,60.5
1,3,201,9,56.16,0.5427,0.7143,1,179,4,51.01
3,2,328,26,64.24,0.647,0.6601,1,311,3,64.16
3,2,35,2,80.28,0.8261,0.8129,1,257,9,81.06
4,2,108,7,0.0,0.0,0.6445,1,119,0,70.9
1,2,338,14,76.24,0.6542,0.516,0,249,2,67.09
3,2,340,19,69.03,0.723,0.5334,0,280,4,63.11
4,1,349,23,69.82,0.622,0.9789,1,208,3,73.03
2,3,52,2,59.24,0.5855,0.9068,1,336,4,67.66
4,3,65,4,68.99,0.7075,0.5188,0,173,5,66.51
4,2,252,18,73.95,0.7241,0.5919,0,58,6,78.15
4,2,244,9,70.01,0.7582,0.9141,1,241,5,72.35
1,1,227,11,63.99,0.647,0.996,1,167,8,71.6
2,2,335,14,58.12,0.5864,0.5929,1,98,6,54.6
3,2,323,14,58.96,0.6036,0.9056,1,123,10,58.34
1,2,345,14,0.0,0.0,0.3886,0,352,0,24.37
1,1,160,7,0.0,0.0,0.6765,1,340,0,35.18
1,2,74,3,45.62,0.4131,0.6578,0,259,6,36.55
4,1,63,2,65.72,0.6636,0.9883,1,186,5,63.34
2,1,283,12,29.63,0.3251,0.8417,1,18,1,38.65
4,1,69,4,50.81,0.4824,0.8958,1,108,6,63.91
1,2,67,3,53.89,0.5679,0.4373,0,232,3,47.94
1,3,251,12,64.98,0.5985,0.7962,0,143,3,67.19
4,1,73,3,69.11,0.694,0.6507,1,318,7,63.46
2,1,179,9,0.0,0.0,0.9749,1,98,0,51.59
3,1,326,26,56.97,0.5339,0.5772,1,81,4,50.1
2,1,120,7,64.75,0.6865,0.6967,1,216,1,66.8
2,2,343,19,73.53,0.6731,0.7127,1,103,4,74.39
4,3,230,12,71.23,0.711,0.5039,0,246,5,63.62
1,1,347,18,39.35,0.3601,0.8558,1,177,5,40.18
4,2,195,9,0.0,0.0,0.7098,1,283,0,66.03
2,3,152,11,54.65,0.5701,0.6337,0,286,7,58.4
2,3,156,9,68.2,0.7206,0.7705,1,70,4,71.02
2,2,152,9,48.75,0.4523,0.4441,0,62,7,49.05
1,1,261,11,36.47,0.3685,0.5397,1,96,9,34.47
2,2,291,19,53.77,0.5477,0.5612,0,79,8,46.5
4,2,222,10,54.32,0.4882,0.5022,1,312,5,56.72
3,2,316,13,76.31,0.774,0.7412,0,285,4,71.14
2,1,231,15,47.73,0.4779,0.6629,1,161,1,53.81
2,2,240,15,62.14,0.6144,0.7623,1,96,2,58.23
2,3,116,4,0.0,0.0,0.7772,1,196,0,60.27
1,3,307,16,0.0,0.0,0.5,1,180,0,56.88
2,2,228,9,42.79,0.431,0.8278,1,331,7,47.99
2,1,257,19,76.17,0.7562,0.3915,0,312,8,70.06
4,2,82,4,75.05,0.7033,0.5339,1,306,1,72.75
1,3,89,4,49.61,0.5235,0.9244,1,89,2,51.74
4,1,146,9,66.36,0.6808,0.7797,1,336,2,67.32
3,3,190,11,60.82,0.6346,0.4319,0,195,1,53.68
3,2,288,14,65.34,0.6207,0.5836,0,321,4,64.65
1,2,189,7,53.22,0.5453,0.5252,0,149,8,46.99
1,3,177,13,58.8,0.583,0.5784,1,31,7,64.33
1,2,193,8,65.09,0.7083,0.7366,1,92,8,63.3
3,2,272,17,62.33,0.5365,0.7778,0,225,4,68.36
4,2,301,13,76.33,0.8069,0.831,1,192,7,72.07
4,1,171,7,83.85,0.852,0.6608,1,85,10,75.53
3,2,216,9,47.49,0.4686,0.7999,1,16,6,50.08
1,1,81,5,42.78,0.4043,0.687,0,160,3,31.87
3,2,44,3,54.44,0.5162,0.9521,1,167,5,62.25
3,2,267,12,87.55,0.9275,0.7422,1,244,2,78.59
1,3,297,20,73.66,0.6315,0.9293,1,355,7,81.43
1,1,152,9,31.51,0.2921,0.5403,1,17,7,35.33
2,1,103,7,0.0,0.0,0.934,1,254,0,42.05
2,2,309,14,57.35,0.5417,0.68,1,192,2,48.49
3,1,190,7,60.23,0.5662,0.7131,1,206,8,54.59
4,3,110,5,94.97,0.8338,0.3296,0,185,4,79.59
3,2,152,10,61.74,0.6208,0.7925,1,335,7,61.3
3,2,28,2,56.24,0.483,0.6928,1,110,1,56.14
4,1,79,3,55.66,0.4876,0.5603,1,283,8,43.86
3,3,340,20,53.37,0.5237,0.405,0,341,9,48.96
2,2,260,11,72.07,0.7421,0.3032,0,65,7,57.92
4,2,124,7,50.34,0.5369,0.8018,1,234,4,55.61
1,2,163,8,56.98,0.5136,0.8878,1,209,9,56.02
2,3,283,16,45.58,0.4925,0.9026,1,206,6,49.25
3,3,301,19,68.75,0.72,0.659,1,44,1,68.61
1,3,39,2,44.01,0.4203,0.8485,1,260,3,45.36
3,1,297,13,72.95,0.7891,0.7689,1,236,4,67.37
1,3,112,6,57.23,0.5211,0.5546,1,276,1,57.73
2,2,112,5,46.73,0.4355,0.6009,1,199,4,43.57
2,2,202,12,55.0,0.5202,0.6847,0,148,7,53.44
2,2,330,24,74.67,0.6723,0.5274,1,115,6,73.37
1,1,293,13,0.0,0.0,0.5014,1,333,0,46.39
3,2,131,8,55.64,0.612,0.6877,1,116,10,58.34
2,3,231,11,55.82,0.5867,0.7477,1,97,9,53.18
1,2,141,5,47.06,0.4786,0.6829,1,144,1,47.54
